Airplane,Date,DepCode,Way,DesCode,DepTime,ArrTime,Day,Duration,Price,PriceEx,DateOfBought,Stop,Days
THY,1.06.2022,ESB,ESB-IST-AYT,AYT,03:05,07:30,A,265,789,98,16.02.2022,2,105
THY,1.06.2022,ESB,ESB-IST-GZT,GZT,03:05,08:15,A,310,909,98,16.02.2022,2,105
THY,1.06.2022,ESB,ESB-DLM,DLM,07:50,09:00,A,70,606,99,16.02.2022,1,105
THY,1.06.2022,ESB,ESB-IST,IST,03:05,04:15,A,70,388,99,16.02.2022,1,105
THY,1.06.2022,ESB,ESB-IST,IST,07:50,08:55,A,65,539,99,16.02.2022,1,105
THY,1.06.2022,ESB,ESB-ADB-IST,IST,07:55,11:50,A,235,1187,99,16.02.2022,2,105
THY,1.06.2022,ESB,ESB-IST-KYA,KYA,03:05,07:40,A,275,789,98,16.02.2022,2,105
THY,1.06.2022,ESB,ESB-IST-KYA,KYA,12:50,19:50,A,420,1189,98,16.02.2022,2,105
THY,1.06.2022,ESB,ESB-ADB,ADB,07:55,09:15,A,80,606,99,16.02.2022,1,105
THY,1.06.2022,ESB,ESB-TZX,TZX,08:00,09:15,A,75,606,99,16.02.2022,1,105
THY,1.06.2022,ESB,ESB-IST-TZX,TZX,03:05,07:40,A,275,1029,98,16.02.2022,2,105
THY,1.06.2022,ESB,ESB-IST-NAV,NAV,03:05,07:55,A,290,969,98,16.02.2022,2,105
THY,1.07.2022,ESB,ESB-AYT,AYT,07:50,09:00,A,70,606,99,16.02.2022,1,135
THY,1.07.2022,ESB,ESB-IST-AYT,AYT,07:50,11:30,A,220,909,98,16.02.2022,2,135
THY,1.07.2022,ESB,ESB-GZT,GZT,23:55,01:05,S,70,606,99,16.02.2022,1,135
THY,1.07.2022,ESB,ESB-IST-GZT,GZT,10:30,17:15,A,405,909,98,16.02.2022,2,135
THY,1.07.2022,ESB,ESB-DLM,DLM,07:55,09:10,A,75,606,99,16.02.2022,1,135
THY,1.07.2022,ESB,ESB-IST-DLM,DLM,14:50,19:55,A,305,1189,98,16.02.2022,2,135
THY,1.07.2022,ESB,ESB-IST,IST,03:05,04:15,A,70,358,99,16.02.2022,1,135
THY,1.07.2022,ESB,ESB-BJV-IST,IST,08:00,11:50,A,230,1187,99,16.02.2022,2,135
THY,1.07.2022,ESB,ESB-AYT-IST,IST,21:45,01:50,S,245,1187,99,16.02.2022,2,135
THY,1.07.2022,ESB,ESB-IST-KYA,KYA,03:05,07:40,A,275,1189,98,16.02.2022,2,135
THY,1.07.2022,ESB,ESB-ADB,ADB,08:05,09:25,A,80,606,99,16.02.2022,1,135
THY,1.07.2022,ESB,ESB-SAW-ADB,ADB,13:30,16:45,A,195,1097,0,16.02.2022,2,135
THY,1.07.2022,ESB,ESB-TZX,TZX,07:15,08:30,A,75,606,99,16.02.2022,1,135
THY,1.07.2022,ESB,ESB-IST-TZX,TZX,04:25,10:15,A,350,1189,98,16.02.2022,2,135
THY,1.07.2022,ESB,ESB-IST-NAV,NAV,03:05,07:55,A,290,1029,98,16.02.2022,2,135
THY,1.08.2022,ESB,ESB-AYT,AYT,07:15,08:25,A,70,606,99,16.02.2022,1,166
THY,1.08.2022,ESB,ESB-IST-AYT,AYT,03:05,07:30,A,265,1029,98,16.02.2022,2,166
THY,1.08.2022,ESB,ESB-IST-AYT,AYT,10:30,13:40,A,190,969,98,16.02.2022,2,166
THY,1.08.2022,ESB,ESB-GZT,GZT,08:05,09:15,A,70,606,99,16.02.2022,1,166
THY,1.08.2022,ESB,ESB-GZT,GZT,23:55,01:05,S,70,606,99,16.02.2022,1,166
THY,1.08.2022,ESB,ESB-DLM,DLM,07:55,09:10,A,75,606,99,16.02.2022,1,166
THY,1.08.2022,ESB,ESB-IST-DLM,DLM,11:50,17:30,A,340,1189,98,16.02.2022,2,166
THY,1.08.2022,ESB,ESB-IST,IST,03:05,04:15,A,70,539,99,16.02.2022,1,166
THY,1.08.2022,ESB,ESB-TZX-IST,IST,06:45,10:20,A,215,1186,24,16.02.2022,2,166
THY,1.08.2022,ESB,ESB-AYT-IST,IST,20:10,23:25,A,195,1187,99,16.02.2022,2,166
THY,1.08.2022,ESB,ESB-IST-KYA,KYA,03:05,07:40,A,275,1029,98,16.02.2022,2,166
THY,1.08.2022,ESB,ESB-SAW-KYA,KYA,14:30,19:55,A,325,1097,0,16.02.2022,2,166
THY,1.08.2022,ESB,ESB-SAW-KYA,KYA,18:10,00:15,S,365,1097,0,16.02.2022,2,166
THY,1.08.2022,ESB,ESB-ADB,ADB,07:55,09:15,A,80,606,99,16.02.2022,1,166
THY,1.08.2022,ESB,ESB-ADB,ADB,18:20,19:35,A,75,606,99,16.02.2022,1,166
THY,1.08.2022,ESB,ESB-ADB,ADB,23:55,01:10,S,75,606,99,16.02.2022,1,166
THY,1.08.2022,ESB,ESB-TZX,TZX,06:45,08:00,A,75,606,99,16.02.2022,1,166
THY,1.08.2022,ESB,ESB-TZX,TZX,19:55,21:10,A,75,606,99,16.02.2022,1,166
THY,1.08.2022,ESB,ESB-IST-NAV,NAV,03:05,07:55,A,290,1029,98,16.02.2022,2,166
THY,1.08.2022,ESB,ESB-SAW-IST-NAV,NAV,07:00,14:30,A,450,1212,99,16.02.2022,2.5,166
THY,1.06.2022,ADA,ADA-IST-AYT,AYT,03:25,07:30,A,245,763,23,16.02.2022,2,105
THY,1.06.2022,ADA,ADA-IST-AYT,AYT,08:40,13:40,A,300,883,23,16.02.2022,2,105
THY,1.06.2022,ADA,ADA-IST-GZT,GZT,03:25,08:15,A,290,878,48,16.02.2022,2,105
THY,1.06.2022,ADA,ADA-IST-DLM,DLM,03:25,08:00,A,275,803,23,16.02.2022,2,105
THY,1.06.2022,ADA,ADA-IST,IST,03:25,05:05,A,100,411,49,16.02.2022,1,105
THY,1.06.2022,ADA,ADA-IST,IST,06:15,07:55,A,100,441,49,16.02.2022,1,105
THY,1.06.2022,ADA,ADA-IST,IST,11:55,13:35,A,100,441,49,16.02.2022,1,105
THY,1.06.2022,ADA,ADA-IST,IST,23:25,01:05,S,100,411,49,16.02.2022,1,105
THY,1.06.2022,ADA,ADA-IST-KYA,KYA,03:25,07:40,A,255,763,23,16.02.2022,2,105
THY,1.06.2022,ADA,ADA-IST-ADB,ADB,03:25,08:05,A,280,763,23,16.02.2022,2,105
THY,1.06.2022,ADA,ADA-IST-TZX,TZX,03:25,07:40,A,255,1003,23,16.02.2022,2,105
THY,1.06.2022,ADA,ADA-IST-NAV,NAV,03:25,07:55,A,270,943,23,16.02.2022,2,105
THY,3.07.2022,ADA,ADA-IST-AYT,AYT,03:25,07:30,A,245,763,23,16.02.2022,2,137
THY,3.07.2022,ADA,ADA-IST-GZT,GZT,03:25,08:15,A,290,878,48,16.02.2022,2,137
THY,3.07.2022,ADA,ADA-IST-DLM,DLM,03:25,08:00,A,275,1163,23,16.02.2022,2,137
THY,3.07.2022,ADA,ADA-IST,IST,03:25,05:05,A,100,411,49,16.02.2022,1,137
THY,3.07.2022,ADA,ADA-SAW,SAW,03:50,05:15,A,85,606,99,16.02.2022,1,137
THY,3.07.2022,ADA,ADA-IST,IST,06:15,07:55,A,100,441,49,16.02.2022,1,137
THY,3.07.2022,ADA,ADA-IST,IST,08:40,10:15,A,95,471,49,16.02.2022,1,137
THY,3.07.2022,ADA,ADA-IST,IST,11:55,13:35,A,100,441,49,16.02.2022,1,137
THY,3.07.2022,ADA,ADA-SAW,SAW,13:35,15:00,A,85,606,99,16.02.2022,1,137
THY,3.07.2022,ADA,ADA-SAW,SAW,22:10,23:40,A,90,606,99,16.02.2022,1,137
THY,3.07.2022,ADA,ADA-IST,IST,23:25,01:05,S,100,441,49,16.02.2022,1,137
THY,3.07.2022,ADA,ADA-IST-KYA,KYA,03:25,07:40,A,255,1163,23,16.02.2022,2,137
THY,3.07.2022,ADA,ADA-IST-ADB,ADB,03:25,08:05,A,280,803,23,16.02.2022,2,137
THY,3.07.2022,ADA,ADA-IST-TZX,TZX,03:25,07:40,A,255,1163,23,16.02.2022,2,137
THY,3.07.2022,ADA,ADA-IST-NAV,NAV,03:25,07:55,A,270,1003,23,16.02.2022,2,137
THY,3.08.2022,ADA,ADA-IST-AYT,AYT,03:25,07:30,A,245,943,23,16.02.2022,2,168
THY,3.08.2022,ADA,ADA-IST-GZT,GZT,03:25,08:15,A,290,977,48,16.02.2022,2,168
THY,3.08.2022,ADA,ADA-IST-DLM,DLM,03:25,08:00,A,275,1163,23,16.02.2022,2,168
THY,3.08.2022,ADA,ADA-IST,IST,03:25,05:05,A,100,411,49,16.02.2022,1,168
THY,3.08.2022,ADA,ADA-IST,IST,08:40,10:15,A,95,471,49,16.02.2022,1,168
THY,3.08.2022,ADA,ADA-SAW,SAW,10:45,12:10,A,85,606,99,16.02.2022,1,168
THY,3.08.2022,ADA,ADA-IST,IST,13:05,14:40,A,95,471,49,16.02.2022,1,168
THY,3.08.2022,ADA,ADA-IST,IST,14:35,16:10,A,95,441,49,16.02.2022,1,168
THY,3.08.2022,ADA,ADA-IST,IST,20:35,22:15,A,100,606,99,16.02.2022,1,168
THY,3.08.2022,ADA,ADA-SAW,SAW,23:40,01:05,S,85,606,99,16.02.2022,1,168
THY,3.08.2022,ADA,ADA-IST-KYA,KYA,03:25,07:40,A,255,943,23,16.02.2022,2,168
THY,3.08.2022,ADA,ADA-IST-ADB,ADB,03:25,08:05,A,280,943,23,16.02.2022,2,168
THY,3.08.2022,ADA,ADA-IST-TZX,TZX,03:25,07:40,A,255,1083,23,16.02.2022,2,168
THY,3.08.2022,ADA,ADA-IST-NAV,NAV,03:25,07:55,A,270,1003,23,16.02.2022,2,168
THY,23.06.2022,MLX,MLX-ESB-AYT,AYT,05:55,09:15,A,200,1066,83,16.02.2022,2,127
THY,23.06.2022,MLX,MLX-IST-GZT,GZT,08:45,14:00,A,315,1159,81,16.02.2022,2,127
THY,23.06.2022,MLX,MLX-ESB-DLM,DLM,05:55,09:15,A,200,1066,83,16.02.2022,2,127
THY,23.06.2022,MLX,MLX-SAW,SAW,06:15,07:50,A,95,606,99,16.02.2022,1,127
THY,23.06.2022,MLX,MLX-IST,IST,14:20,16:10,A,110,606,99,16.02.2022,1,127
THY,23.06.2022,MLX,MLX-IST,IST,23:35,01:25,S,110,606,99,16.02.2022,1,127
THY,23.06.2022,MLX,MLX-IST-KYA,KYA,14:20,19:50,A,330,1159,81,16.02.2022,2,127
THY,23.06.2022,MLX,MLX-ESB-ADB,ADB,05:55,09:20,A,205,1066,83,16.02.2022,2,127
THY,23.06.2022,MLX,MLX-ESB-TZX,TZX,05:55,09:00,A,185,1066,83,16.02.2022,2,127
THY,23.06.2022,MLX,MLX-SAW-IST-NAV,NAV,06:15,14:30,A,495,1182,82,16.02.2022,2.5,127
THY,23.07.2022,MLX,MLX-SAW-AYT,AYT,05:35,09:45,A,250,1066,83,16.02.2022,2,157
THY,23.07.2022,MLX,MLX-SAW-GZT,GZT,05:35,09:40,A,245,1066,83,16.02.2022,2,157
THY,23.07.2022,MLX,MLX-SAW-DLM,DLM,05:35,10:00,A,265,1066,83,16.02.2022,2,157
THY,23.07.2022,MLX,MLX-SAW,SAW,05:35,07:10,A,95,606,99,16.02.2022,1,157
THY,23.07.2022,MLX,MLX-IST,IST,08:45,10:30,A,105,606,99,16.02.2022,1,157
THY,23.07.2022,MLX,MLX-IST,IST,14:20,16:10,A,110,606,99,16.02.2022,1,157
THY,23.07.2022,MLX,MLX-IST,IST,23:35,01:25,S,110,606,99,16.02.2022,1,157
THY,23.07.2022,MLX,MLX-IST-KYA,KYA,14:20,19:50,A,330,1159,81,16.02.2022,2,157
THY,23.07.2022,MLX,MLX-SAW-ADB,ADB,05:35,09:50,A,255,1066,83,16.02.2022,2,157
THY,23.07.2022,MLX,MLX-SAW-TZX,TZX,05:35,10:05,A,270,1066,83,16.02.2022,2,157
THY,23.07.2022,MLX,MLX-SAW-IST-NAV,NAV,05:35,14:30,A,535,1182,82,16.02.2022,2.5,157
THY,23.08.2022,MLX,MLX-SAW-AYT,AYT,05:35,10:35,A,300,1066,83,16.02.2022,2,188
THY,23.08.2022,MLX,MLX-SAW-GZT,GZT,05:35,09:40,A,245,1066,83,16.02.2022,2,188
THY,23.08.2022,MLX,MLX-SAW-DLM,DLM,05:35,09:45,A,250,1066,83,16.02.2022,2,188
THY,23.08.2022,MLX,MLX-SAW,SAW,05:35,07:10,A,95,606,99,16.02.2022,1,188
THY,23.08.2022,MLX,MLX-IST,IST,08:45,10:30,A,105,606,99,16.02.2022,1,188
THY,23.08.2022,MLX,MLX-IST,IST,14:20,16:10,A,110,606,99,16.02.2022,1,188
THY,23.08.2022,MLX,MLX-IST,IST,23:35,01:25,S,110,606,99,16.02.2022,1,188
THY,23.08.2022,MLX,MLX-IST-KYA,KYA,14:20,19:50,A,330,1159,81,16.02.2022,2,188
THY,23.08.2022,MLX,MLX-SAW-ADB,ADB,05:35,09:50,A,255,1066,83,16.02.2022,2,188
THY,23.08.2022,MLX,MLX-SAW-TZX,TZX,05:35,10:05,A,270,1066,83,16.02.2022,2,188
THY,23.08.2022,MLX,MLX-SAW-IST-NAV,NAV,05:35,14:30,A,535,1182,82,16.02.2022,2.5,188
THY,16.06.2022,VAN,VAN-IST-AYT,AYT,11:30,16:55,A,325,1083,23,16.02.2022,2,120
THY,16.06.2022,VAN,VAN-IST-GZT,GZT,11:30,17:15,A,345,1083,23,16.02.2022,2,120
THY,16.06.2022,VAN,VAN-IST-DLM,DLM,11:30,17:30,A,360,1083,23,16.02.2022,2,120
THY,16.06.2022,VAN,VAN-IST,IST,11:30,13:55,A,145,570,49,16.02.2022,1,120
THY,16.06.2022,VAN,VAN-IST,IST,18:40,21:00,A,140,570,49,16.02.2022,1,120
THY,16.06.2022,VAN,VAN-SAW,SAW,20:00,22:05,A,125,606,99,16.02.2022,1,120
THY,16.06.2022,VAN,VAN-IST-KYA,KYA,11:30,19:50,A,500,1163,23,16.02.2022,2,120
THY,16.06.2022,VAN,VAN-IST-ADB,ADB,11:30,16:05,A,275,1083,23,16.02.2022,2,120
THY,16.06.2022,VAN,VAN-ESB-TZX,TZX,10:00,17:05,A,425,1070,25,16.02.2022,2,120
THY,16.06.2022,VAN,VAN-IST-NAV,NAV,11:30,20:00,A,510,1163,23,16.02.2022,2,120
THY,16.07.2022,VAN,VAN-IST-AYT,AYT,11:30,16:55,A,325,1163,23,16.02.2022,2,150
THY,16.07.2022,VAN,VAN-IST-GZT,GZT,11:30,17:15,A,345,1163,23,16.02.2022,2,150
THY,16.07.2022,VAN,VAN-IST-DLM,DLM,11:30,17:30,A,360,1163,23,16.02.2022,2,150
THY,16.07.2022,VAN,VAN-IST,IST,11:30,13:55,A,145,606,99,16.02.2022,1,150
THY,16.07.2022,VAN,VAN-SAW,SAW,15:00,17:10,A,130,606,99,16.02.2022,1,150
THY,16.07.2022,VAN,VAN-IST,IST,16:10,18:35,A,145,606,99,16.02.2022,1,150
THY,16.07.2022,VAN,VAN-IST,IST,18:40,21:00,A,140,606,99,16.02.2022,1,150
THY,16.07.2022,VAN,VAN-IST-KYA,KYA,11:30,19:50,A,500,1163,23,16.02.2022,2,150
THY,16.07.2022,VAN,VAN-IST-ADB,ADB,11:30,16:05,A,275,1163,23,16.02.2022,2,150
THY,16.07.2022,VAN,VAN-IST-TZX,TZX,11:30,17:35,A,365,1163,23,16.02.2022,2,150
THY,16.07.2022,VAN,VAN-IST-NAV,NAV,11:30,20:00,A,510,1163,23,16.02.2022,2,150
THY,16.08.2022,VAN,VAN-SAW-AYT,AYT,09:30,15:40,A,370,1070,25,16.02.2022,2,181
THY,16.08.2022,VAN,VAN-SAW-IST-GZT,GZT,09:30,19:10,A,580,1186,24,16.02.2022,2.5,181
THY,16.08.2022,VAN,VAN-SAW-DLM,DLM,09:30,18:15,A,525,1070,25,16.02.2022,2,181
THY,16.08.2022,VAN,VAN-SAW,SAW,09:30,11:40,A,130,606,99,16.02.2022,1,181
THY,16.08.2022,VAN,VAN-IST,IST,11:30,13:55,A,145,606,99,16.02.2022,1,181
THY,16.08.2022,VAN,VAN-SAW,SAW,19:45,21:55,A,130,606,99,16.02.2022,1,181
THY,16.08.2022,VAN,VAN-ESB-IST,IST,14:00,19:00,A,300,1161,24,16.02.2022,2,181
THY,16.08.2022,VAN,VAN-SAW-IST-KYA,KYA,09:30,19:50,A,620,1186,24,16.02.2022,2.5,181
THY,16.08.2022,VAN,VAN-SAW-ADB,ADB,09:30,15:00,A,330,1070,25,16.02.2022,2,181
THY,16.08.2022,VAN,VAN-SAW-TZX,TZX,09:30,14:45,A,315,1070,25,16.02.2022,2,181
THY,16.08.2022,VAN,VAN-SAW-NAV,NAV,09:30,17:40,A,490,1070,25,16.02.2022,2,181
THY,20.06.2022,DNZ,DNZ-IST-AYT,AYT,03:50,07:30,A,220,799,81,16.02.2022,2,124
THY,20.06.2022,DNZ,DNZ-IST-GZT,GZT,03:50,08:15,A,265,879,81,16.02.2022,2,124
THY,20.06.2022,DNZ,DNZ-IST-DLM,DLM,03:50,08:00,A,250,975,98,16.02.2022,2,124
THY,20.06.2022,DNZ,DNZ-IST,IST,03:50,05:00,A,70,380,99,16.02.2022,1,124
THY,20.06.2022,DNZ,DNZ-SAW,SAW,19:00,20:10,A,70,606,99,16.02.2022,1,124
THY,20.06.2022,DNZ,DNZ-IST,IST,20:00,21:15,A,75,380,99,16.02.2022,1,124
THY,20.06.2022,DNZ,DNZ-IST-KYA,KYA,03:50,07:40,A,230,759,81,16.02.2022,2,124
THY,20.06.2022,DNZ,DNZ-IST-ADB,ADB,03:50,08:05,A,255,709,81,16.02.2022,2,124
THY,20.06.2022,DNZ,DNZ-IST-TZX,TZX,03:50,07:40,A,230,1159,81,16.02.2022,2,124
THY,20.06.2022,DNZ,DNZ-IST-NAV,NAV,03:50,07:55,A,245,939,81,16.02.2022,2,124
THY,20.07.2022,DNZ,DNZ-IST-AYT,AYT,03:50,07:30,A,220,799,81,16.02.2022,2,154
THY,20.07.2022,DNZ,DNZ-IST-GZT,GZT,03:50,08:15,A,265,939,81,16.02.2022,2,154
THY,20.07.2022,DNZ,DNZ-IST-DLM,DLM,03:50,08:00,A,250,975,98,16.02.2022,2,154
THY,20.07.2022,DNZ,DNZ-IST,IST,03:50,05:00,A,70,380,99,16.02.2022,1,154
THY,20.07.2022,DNZ,DNZ-SAW,SAW,18:40,19:45,A,65,606,99,16.02.2022,1,154
THY,20.07.2022,DNZ,DNZ-IST,IST,20:00,21:15,A,75,380,99,16.02.2022,1,154
THY,20.07.2022,DNZ,DNZ-IST-KYA,KYA,03:50,07:40,A,230,879,81,16.02.2022,2,154
THY,20.07.2022,DNZ,DNZ-IST-ADB,ADB,03:50,08:05,A,255,709,81,16.02.2022,2,154
THY,20.07.2022,DNZ,DNZ-IST-TZX,TZX,03:50,07:40,A,230,1159,81,16.02.2022,2,154
THY,20.07.2022,DNZ,DNZ-IST-NAV,NAV,03:50,07:55,A,245,999,81,16.02.2022,2,154
THY,20.08.2022,DNZ,DNZ-IST-AYT,AYT,03:50,07:30,A,220,799,81,16.02.2022,2,185
THY,20.08.2022,DNZ,DNZ-IST-GZT,GZT,03:50,08:15,A,265,1079,81,16.02.2022,2,185
THY,20.08.2022,DNZ,DNZ-IST-DLM,DLM,03:50,08:00,A,250,1005,98,16.02.2022,2,185
THY,20.08.2022,DNZ,DNZ-IST,IST,03:50,05:00,A,70,410,99,16.02.2022,1,185
THY,20.08.2022,DNZ,DNZ-IST,IST,08:40,09:50,A,70,410,99,16.02.2022,1,185
THY,20.08.2022,DNZ,DNZ-SAW,SAW,16:50,18:00,A,70,606,99,16.02.2022,1,185
THY,20.08.2022,DNZ,DNZ-IST-KYA,KYA,03:50,07:40,A,230,879,81,16.02.2022,2,185
THY,20.08.2022,DNZ,DNZ-IST-ADB,ADB,03:50,08:05,A,255,759,81,16.02.2022,2,185
THY,20.08.2022,DNZ,DNZ-IST-TZX,TZX,03:50,07:40,A,230,1159,81,16.02.2022,2,185
THY,20.08.2022,DNZ,DNZ-IST-NAV,NAV,03:50,07:55,A,245,999,81,16.02.2022,2,185
THY,28.06.2022,VAS,VAS-IST-AYT,AYT,11:05,16:55,A,350,879,81,16.02.2022,2,132
THY,28.06.2022,VAS,VAS-IST-GZT,GZT,11:05,17:15,A,370,879,81,16.02.2022,2,132
THY,28.06.2022,VAS,VAS-IST-DLM,DLM,11:05,15:10,A,245,1159,81,16.02.2022,2,132
THY,28.06.2022,VAS,VAS-IST,IST,11:05,12:40,A,95,470,99,16.02.2022,1,132
THY,28.06.2022,VAS,VAS-IST,IST,19:15,20:45,A,90,410,99,16.02.2022,1,132
THY,28.06.2022,VAS,VAS-IST-KYA,KYA,11:05,19:50,A,525,1159,81,16.02.2022,2,132
THY,28.06.2022,VAS,VAS-IST-ADB,ADB,11:05,15:05,A,240,879,81,16.02.2022,2,132
THY,28.06.2022,VAS,VAS-IST-TZX,TZX,11:05,15:30,A,265,1159,81,16.02.2022,2,132
THY,28.06.2022,VAS,VAS-IST-NAV,NAV,11:05,20:00,A,535,1159,81,16.02.2022,2,132
THY,28.07.2022,VAS,VAS-IST-AYT,AYT,11:05,16:55,A,350,1159,81,16.02.2022,2,162
THY,28.07.2022,VAS,VAS-IST-GZT,GZT,11:05,17:15,A,370,1159,81,16.02.2022,2,162
THY,28.07.2022,VAS,VAS-IST-DLM,DLM,11:05,15:10,A,245,1159,81,16.02.2022,2,162
THY,28.07.2022,VAS,VAS-IST,IST,11:05,12:40,A,95,606,99,16.02.2022,1,162
THY,28.07.2022,VAS,VAS-IST,IST,19:15,20:45,A,90,569,99,16.02.2022,1,162
THY,28.07.2022,VAS,VAS-IST-KYA,KYA,11:05,19:50,A,525,1159,81,16.02.2022,2,162
THY,28.07.2022,VAS,VAS-IST-KYA,KYA,19:15,23:15,A,240,1159,81,16.02.2022,2,162
THY,28.07.2022,VAS,VAS-IST-ADB,ADB,11:05,15:05,A,240,1159,81,16.02.2022,2,162
THY,28.07.2022,VAS,VAS-SAW-ADB,ADB,17:50,00:45,S,415,1066,83,16.02.2022,2,162
THY,28.07.2022,VAS,VAS-IST-TZX,TZX,11:05,15:30,A,265,1159,81,16.02.2022,2,162
THY,28.07.2022,VAS,VAS-IST-NAV,NAV,11:05,20:00,A,535,1159,81,16.02.2022,2,162
THY,28.07.2022,VAS,VAS-IST-NAV,NAV,19:15,07:55,S,760,1079,81,16.02.2022,2,162
THY,28.08.2022,VAS,VAS-IST-AYT,AYT,11:05,16:55,A,350,1159,81,16.02.2022,2,193
THY,28.08.2022,VAS,VAS-SAW-IST-AYT,AYT,16:20,00:20,S,480,1182,82,16.02.2022,2.5,193
THY,28.08.2022,VAS,VAS-IST-GZT,GZT,11:05,17:15,A,370,1159,81,16.02.2022,2,193
THY,28.08.2022,VAS,VAS-IST-DLM,DLM,11:05,15:10,A,245,1159,81,16.02.2022,2,193
THY,28.08.2022,VAS,VAS-IST-DLM,DLM,11:05,20:40,A,575,1159,81,16.02.2022,2,193
THY,28.08.2022,VAS,VAS-IST,IST,11:05,12:40,A,95,606,99,16.02.2022,1,193
THY,28.08.2022,VAS,VAS-IST,IST,19:15,20:45,A,90,569,99,16.02.2022,1,193
THY,28.08.2022,VAS,VAS-IST-KYA,KYA,11:05,19:50,A,525,1159,81,16.02.2022,2,193
THY,28.08.2022,VAS,VAS-IST-KYA,KYA,19:15,07:40,S,745,1079,81,16.02.2022,2,193
THY,28.08.2022,VAS,VAS-IST-ADB,ADB,11:05,15:05,A,240,1159,81,16.02.2022,2,193
THY,28.08.2022,VAS,VAS-IST-TZX,TZX,11:05,15:30,A,265,1159,81,16.02.2022,2,193
THY,28.08.2022,VAS,VAS-IST-NAV,NAV,11:05,20:00,A,535,1159,81,16.02.2022,2,193
THY,9.06.2022,HTY,HTY-IST-AYT,AYT,03:40,09:50,A,370,879,81,16.02.2022,2,113
THY,9.06.2022,HTY,HTY-IST-GZT,GZT,03:40,08:15,A,275,817,98,16.02.2022,2,113
THY,9.06.2022,HTY,HTY-IST-DLM,DLM,03:40,08:00,A,260,799,81,16.02.2022,2,113
THY,9.06.2022,HTY,HTY-IST-DLM,DLM,08:55,18:25,A,570,1159,81,16.02.2022,2,113
THY,9.06.2022,HTY,HTY-IST,IST,03:40,05:35,A,115,350,99,16.02.2022,1,113
THY,9.06.2022,HTY,HTY-ESB-IST,IST,05:50,08:55,A,185,1157,82,16.02.2022,2,113
THY,9.06.2022,HTY,HTY-IST-KYA,KYA,03:40,07:40,A,240,759,81,16.02.2022,2,113
THY,9.06.2022,HTY,HTY-IST-KYA,KYA,03:40,07:40,A,240,759,81,16.02.2022,2,113
THY,9.06.2022,HTY,HTY-IST-ADB,ADB,03:40,08:05,A,265,709,81,16.02.2022,2,113
THY,9.06.2022,HTY,HTY-IST-TZX,TZX,03:40,08:40,A,300,1079,81,16.02.2022,2,113
THY,9.06.2022,HTY,HTY-IST-NAV,NAV,03:40,07:55,A,255,939,81,16.02.2022,2,113
THY,9.07.2022,HTY,HTY-IST-AYT,AYT,03:40,09:50,A,370,1159,81,16.02.2022,2,143
THY,9.07.2022,HTY,HTY-IST-GZT,GZT,03:40,08:15,A,275,1035,98,16.02.2022,2,143
THY,9.07.2022,HTY,HTY-IST-DLM,DLM,03:40,08:00,A,260,1159,81,16.02.2022,2,143
THY,9.07.2022,HTY,HTY-IST,IST,03:40,05:35,A,115,440,99,16.02.2022,1,143
THY,9.07.2022,HTY,HTY-IST,IST,12:50,14:40,A,110,440,99,16.02.2022,1,143
THY,9.07.2022,HTY,HTY-ESB-SAW,SAW,05:50,12:50,A,420,1066,83,16.02.2022,2,143
THY,9.07.2022,HTY,HTY-IST-KYA,KYA,03:40,07:40,A,240,879,81,16.02.2022,2,143
THY,9.07.2022,HTY,HTY-IST-ADB,ADB,03:40,08:05,A,265,1159,81,16.02.2022,2,143
THY,9.07.2022,HTY,HTY-IST-TZX,TZX,03:40,08:40,A,300,1159,81,16.02.2022,2,143
THY,9.07.2022,HTY,HTY-IST-NAV,NAV,03:40,07:55,A,255,1159,81,16.02.2022,2,143
THY,9.08.2022,HTY,HTY-IST-AYT,AYT,03:40,09:50,A,370,1159,81,16.02.2022,2,174
THY,9.08.2022,HTY,HTY-IST-GZT,GZT,03:40,08:15,A,275,1073,98,16.02.2022,2,174
THY,9.08.2022,HTY,HTY-IST-DLM,DLM,03:40,08:00,A,260,1159,81,16.02.2022,2,174
THY,9.08.2022,HTY,HTY-IST,IST,03:40,05:35,A,115,606,99,16.02.2022,1,174
THY,9.08.2022,HTY,HTY-IST,IST,12:50,14:40,A,110,606,99,16.02.2022,1,174
THY,9.08.2022,HTY,HTY-IST,IST,23:15,01:05,S,110,470,99,16.02.2022,1,174
THY,9.08.2022,HTY,HTY-ESB-IST,IST,05:50,11:40,A,350,1157,82,16.02.2022,2,174
THY,9.08.2022,HTY,HTY-IST-KYA,KYA,03:40,07:40,A,240,1159,81,16.02.2022,2,174
THY,9.08.2022,HTY,HTY-IST-ADB,ADB,03:40,08:05,A,265,1159,81,16.02.2022,2,174
THY,9.08.2022,HTY,HTY-IST-TZX,TZX,03:40,08:40,A,300,1159,81,16.02.2022,2,174
THY,9.08.2022,HTY,HTY-IST-NAV,NAV,03:40,07:55,A,255,1159,81,16.02.2022,2,174
THY,21.06.2022,KZR,KZR-IST-AYT,AYT,07:30,11:30,A,240,896,98,16.02.2022,2,125
THY,21.06.2022,KZR,KZR-IST-GZT,GZT,07:30,14:00,A,390,896,98,16.02.2022,2,125
THY,21.06.2022,KZR,KZR-IST-DLM,DLM,07:30,13:10,A,340,1176,98,16.02.2022,2,125
THY,21.06.2022,KZR,KZR-IST,IST,07:30,08:30,A,60,300,99,16.02.2022,1,125
THY,21.06.2022,KZR,KZR-IST-ADB,ADB,07:30,11:00,A,210,726,98,16.02.2022,2,125
THY,21.06.2022,KZR,KZR-IST-TZX,TZX,07:30,11:35,A,245,1176,98,16.02.2022,2,125
THY,21.06.2022,KZR,KZR-IST-NAV,NAV,07:30,14:30,A,420,1176,98,16.02.2022,2,125
THY,21.07.2022,KZR,KZR-IST-AYT,AYT,07:30,11:30,A,240,896,98,16.02.2022,2,155
THY,21.07.2022,KZR,KZR-IST-GZT,GZT,07:30,14:00,A,390,956,98,16.02.2022,2,155
THY,21.07.2022,KZR,KZR-IST-DLM,DLM,07:30,13:10,A,340,1176,98,16.02.2022,2,155
THY,21.07.2022,KZR,KZR-IST,IST,07:30,08:30,A,60,300,99,16.02.2022,1,155
THY,21.07.2022,KZR,KZR-IST-KYA,KYA,07:30,12:00,A,270,896,98,16.02.2022,2,155
THY,21.07.2022,KZR,KZR-IST-ADB,ADB,07:30,11:00,A,210,816,98,16.02.2022,2,155
THY,21.07.2022,KZR,KZR-IST-TZX,TZX,07:30,11:35,A,245,1176,98,16.02.2022,2,155
THY,21.07.2022,KZR,KZR-IST-NAV,NAV,07:30,14:30,A,420,1176,98,16.02.2022,2,155
THY,22.08.2022,KZR,KZR-IST-AYT,AYT,07:30,11:30,A,240,1016,98,16.02.2022,2,187
THY,22.08.2022,KZR,KZR-IST-GZT,GZT,07:30,14:00,A,390,896,98,16.02.2022,2,187
THY,22.08.2022,KZR,KZR-IST-DLM,DLM,07:30,13:10,A,340,1176,98,16.02.2022,2,187
THY,22.08.2022,KZR,KZR-IST,IST,07:30,08:30,A,60,300,99,16.02.2022,1,187
THY,22.08.2022,KZR,KZR-IST-KYA,KYA,07:30,12:00,A,270,896,98,16.02.2022,2,187
THY,22.08.2022,KZR,KZR-IST-ADB,ADB,07:30,11:00,A,210,816,98,16.02.2022,2,187
THY,22.08.2022,KZR,KZR-IST-TZX,TZX,07:30,11:35,A,245,1016,98,16.02.2022,2,187
THY,22.08.2022,KZR,KZR-IST-NAV,NAV,07:30,14:30,A,420,1176,98,16.02.2022,2,187
THY,10.06.2022,ISE,ISE-IST-AYT,AYT,16:15,20:30,A,255,734,48,16.02.2022,2,114
THY,10.06.2022,ISE,ISE-IST-GZT,GZT,16:15,22:40,A,385,1156,40,16.02.2022,2,114
THY,10.06.2022,ISE,ISE-IST-DLM,DLM,16:15,19:55,A,220,922,48,16.02.2022,2,114
THY,10.06.2022,ISE,ISE-IST,IST,16:15,17:30,A,75,325,49,16.02.2022,1,114
THY,10.06.2022,ISE,ISE-IST-KYA,KYA,16:15,19:50,A,215,1156,40,16.02.2022,2,114
THY,10.06.2022,ISE,ISE-IST-ADB,ADB,16:15,20:05,A,230,756,40,16.02.2022,2,114
THY,10.06.2022,ISE,ISE-IST-TZX,TZX,16:15,21:40,A,325,996,40,16.02.2022,2,114
THY,10.06.2022,ISE,ISE-IST-NAV,NAV,16:15,20:00,A,225,936,40,16.02.2022,2,114
THY,10.07.2022,ISE,ISE-IST-AYT,AYT,16:15,20:30,A,255,1005,48,16.02.2022,2,144
THY,10.07.2022,ISE,ISE-IST-GZT,GZT,16:15,22:40,A,385,1156,40,16.02.2022,2,144
THY,10.07.2022,ISE,ISE-IST-DLM,DLM,16:15,19:55,A,220,1005,48,16.02.2022,2,144
THY,10.07.2022,ISE,ISE-IST,IST,16:15,17:30,A,75,410,49,16.02.2022,1,144
THY,10.07.2022,ISE,ISE-IST-KYA,KYA,16:15,19:50,A,215,1156,40,16.02.2022,2,144
THY,10.07.2022,ISE,ISE-IST-ADB,ADB,16:15,20:05,A,230,796,40,16.02.2022,2,144
THY,10.07.2022,ISE,ISE-IST-TZX,TZX,16:15,21:40,A,325,1156,40,16.02.2022,2,144
THY,10.07.2022,ISE,ISE-IST-NAV,NAV,16:15,20:00,A,225,1156,40,16.02.2022,2,144
THY,10.08.2022,ISE,ISE-IST-AYT,AYT,16:15,20:30,A,255,817,48,16.02.2022,2,175
THY,10.08.2022,ISE,ISE-IST-GZT,GZT,16:15,22:40,A,385,1156,40,16.02.2022,2,175
THY,10.08.2022,ISE,ISE-IST-DLM,DLM,16:15,19:55,A,220,975,48,16.02.2022,2,175
THY,10.08.2022,ISE,ISE-IST,IST,16:15,17:30,A,75,380,49,16.02.2022,1,175
THY,10.08.2022,ISE,ISE-IST-KYA,KYA,16:15,19:50,A,215,1156,40,16.02.2022,2,175
THY,10.08.2022,ISE,ISE-IST-ADB,ADB,16:15,20:05,A,230,706,40,16.02.2022,2,175
THY,10.08.2022,ISE,ISE-IST-TZX,TZX,16:15,21:40,A,325,996,40,16.02.2022,2,175
THY,10.08.2022,ISE,ISE-IST-NAV,NAV,16:15,20:00,A,225,1156,40,16.02.2022,2,175
THY,10.08.2022,ISE,ISE-IST-NAV,NAV,16:15,07:55,S,940,996,40,16.02.2022,2,175
THY,19.06.2022,MSR,MSR-IST-AYT,AYT,11:35,16:55,A,320,1159,81,16.02.2022,2,123
THY,19.06.2022,MSR,MSR-IST-GZT,GZT,11:35,17:15,A,340,1159,81,16.02.2022,2,123
THY,19.06.2022,MSR,MSR-IST-DLM,DLM,11:35,17:30,A,355,1159,81,16.02.2022,2,123
THY,19.06.2022,MSR,MSR-IST,IST,11:35,13:45,A,130,606,99,16.02.2022,1,123
THY,19.06.2022,MSR,MSR-IST,IST,17:15,19:25,A,130,606,99,16.02.2022,1,123
THY,19.06.2022,MSR,MSR-ESB-IST,IST,14:10,17:55,A,225,1157,82,16.02.2022,2,123
THY,19.06.2022,MSR,MSR-IST-KYA,KYA,11:35,19:50,A,495,1159,81,16.02.2022,2,123
THY,19.06.2022,MSR,MSR-IST-ADB,ADB,11:35,16:05,A,270,1159,81,16.02.2022,2,123
THY,19.06.2022,MSR,MSR-IST-TZX,TZX,11:35,17:35,A,360,1159,81,16.02.2022,2,123
THY,19.06.2022,MSR,MSR-IST-NAV,NAV,11:35,20:00,A,505,1159,81,16.02.2022,2,123
THY,19.07.2022,MSR,MSR-IST-AYT,AYT,11:35,16:55,A,320,1159,81,16.02.2022,2,153
THY,19.07.2022,MSR,MSR-IST-GZT,GZT,11:35,17:15,A,340,1159,81,16.02.2022,2,153
THY,19.07.2022,MSR,MSR-IST-DLM,DLM,11:35,17:30,A,355,1159,81,16.02.2022,2,153
THY,19.07.2022,MSR,MSR-IST,IST,11:35,13:45,A,130,606,99,16.02.2022,1,153
THY,19.07.2022,MSR,MSR-IST,IST,17:15,19:25,A,130,606,99,16.02.2022,1,153
THY,19.07.2022,MSR,MSR-ESB-IST,IST,14:10,17:55,A,225,1157,82,16.02.2022,2,153
THY,19.07.2022,MSR,MSR-IST-KYA,KYA,11:35,19:50,A,495,1159,81,16.02.2022,2,153
THY,19.07.2022,MSR,MSR-IST-ADB,ADB,11:35,16:05,A,270,1159,81,16.02.2022,2,153
THY,19.07.2022,MSR,MSR-IST-TZX,TZX,11:35,17:35,A,360,1159,81,16.02.2022,2,153
THY,19.07.2022,MSR,MSR-IST-NAV,NAV,11:35,20:00,A,505,1159,81,16.02.2022,2,153
THY,19.08.2022,MSR,MSR-IST-AYT,AYT,11:35,16:55,A,320,1159,81,16.02.2022,2,184
THY,19.08.2022,MSR,MSR-IST-GZT,GZT,11:35,17:15,A,340,1159,81,16.02.2022,2,184
THY,19.08.2022,MSR,MSR-IST-DLM,DLM,11:35,17:30,A,355,1159,81,16.02.2022,2,184
THY,19.08.2022,MSR,MSR-IST,IST,11:35,13:45,A,130,606,99,16.02.2022,1,184
THY,19.08.2022,MSR,MSR-IST,IST,17:15,19:25,A,130,606,99,16.02.2022,1,184
THY,19.08.2022,MSR,MSR-ESB-IST,IST,17:45,21:45,A,240,1157,82,16.02.2022,2,184
THY,19.08.2022,MSR,MSR-IST-KYA,KYA,11:35,19:50,A,495,1159,81,16.02.2022,2,184
THY,19.08.2022,MSR,MSR-IST-ADB,ADB,11:35,16:05,A,270,1159,81,16.02.2022,2,184
THY,19.08.2022,MSR,MSR-IST-TZX,TZX,11:35,17:35,A,360,1159,81,16.02.2022,2,184
THY,19.08.2022,MSR,MSR-IST-NAV,NAV,11:35,20:00,A,505,1159,81,16.02.2022,2,184
THY,27.06.2022,AJI,AJI-ESB-AYT,AYT,14:00,21:20,A,440,1066,83,16.02.2022,2,131
THY,27.06.2022,AJI,AJI-ESB-GZT,GZT,14:00,21:20,A,440,1066,83,16.02.2022,2,131
THY,27.06.2022,AJI,AJI-ESB-DLM,DLM,14:00,18:45,A,285,1066,83,16.02.2022,2,131
THY,27.06.2022,AJI,AJI-IST,IST,15:20,17:40,A,140,606,99,16.02.2022,1,131
THY,27.06.2022,AJI,AJI-ESB-IST,IST,14:00,17:55,A,235,1157,82,16.02.2022,2,131
THY,27.06.2022,AJI,AJI-IST-KYA,KYA,15:20,19:50,A,270,1159,81,16.02.2022,2,131
THY,27.06.2022,AJI,AJI-ESB-ADB,ADB,14:00,17:30,A,210,1066,83,16.02.2022,2,131
THY,27.06.2022,AJI,AJI-ESB-TZX,TZX,14:00,21:10,A,430,1066,83,16.02.2022,2,131
THY,27.06.2022,AJI,AJI-IST-NAV,NAV,15:20,20:00,A,280,1159,81,16.02.2022,2,131
THY,27.07.2022,AJI,AJI-ESB-AYT,AYT,14:05,21:20,A,435,1066,83,16.02.2022,2,161
THY,27.07.2022,AJI,AJI-ESB-GZT,GZT,14:05,20:55,A,410,1066,83,16.02.2022,2,161
THY,27.07.2022,AJI,AJI-ESB-DLM,DLM,14:05,21:10,A,425,1066,83,16.02.2022,2,161
THY,27.07.2022,AJI,AJI-IST,IST,15:20,17:40,A,140,606,99,16.02.2022,1,161
THY,27.07.2022,AJI,AJI-ESB-IST,IST,14:05,17:55,A,230,1157,82,16.02.2022,2,161
THY,27.07.2022,AJI,AJI-IST-KYA,KYA,15:20,19:50,A,270,1159,81,16.02.2022,2,161
THY,27.07.2022,AJI,AJI-IST-KYA,KYA,15:20,23:15,A,475,1159,81,16.02.2022,2,161
THY,27.07.2022,AJI,AJI-ESB-ADB,ADB,14:05,21:10,A,425,1066,83,16.02.2022,2,161
THY,27.07.2022,AJI,AJI-ESB-TZX,TZX,14:05,21:30,A,445,1066,83,16.02.2022,2,161
THY,27.07.2022,AJI,AJI-IST-NAV,NAV,15:20,20:00,A,280,1159,81,16.02.2022,2,161
THY,27.07.2022,AJI,AJI-ESB-IST-NAV,NAV,14:05,14:30,S,1465,1197,81,16.02.2022,3,161
THY,27.08.2022,AJI,AJI-IST-AYT,AYT,15:20,20:30,A,310,1159,81,16.02.2022,2,192
THY,27.08.2022,AJI,AJI-IST-GZT,GZT,15:20,22:40,A,440,1159,81,16.02.2022,2,192
THY,27.08.2022,AJI,AJI-IST-DLM,DLM,15:20,19:55,A,275,1159,81,16.02.2022,2,192
THY,27.08.2022,AJI,AJI-IST,IST,15:20,17:40,A,140,606,99,16.02.2022,1,192
THY,27.08.2022,AJI,AJI-IST-KYA,KYA,15:20,19:50,A,270,1159,81,16.02.2022,2,192
THY,27.08.2022,AJI,AJI-IST-ADB,ADB,15:20,20:05,A,285,1159,81,16.02.2022,2,192
THY,27.08.2022,AJI,AJI-IST-TZX,TZX,15:20,21:40,A,380,1159,81,16.02.2022,2,192
THY,27.08.2022,AJI,AJI-IST-NAV,NAV,15:20,20:00,A,280,1159,81,16.02.2022,2,192
THY,2.06.2022,YEI,YEI-MSR-ESB-AYT,AYT,14:40,21:20,A,400,1099,66,16.02.2022,3,106
THY,2.06.2022,YEI,YEI-MSR-ESB-GZT,GZT,14:40,21:15,A,395,1099,66,16.02.2022,3,106
THY,2.06.2022,YEI,YEI-MSR-ESB-DLM,DLM,14:40,21:15,A,395,1099,66,16.02.2022,3,106
THY,2.06.2022,YEI,YEI-MSR-IST,IST,14:40,19:25,A,285,1152,65,16.02.2022,2,106
THY,2.06.2022,YEI,YEI-MSR-IST-KYA,KYA,14:40,23:15,A,515,1192,64,16.02.2022,3,106
THY,2.06.2022,YEI,YEI-MSR-ESB-ADB,ADB,14:40,21:20,A,400,1099,66,16.02.2022,3,106
THY,2.06.2022,YEI,YEI-MSR-IST-TZX,TZX,14:40,00:35,S,595,1192,64,16.02.2022,3,106
THY,2.06.2022,YEI,YEI-MSR-IST-NAV,NAV,14:40,07:55,S,1035,1192,64,16.02.2022,3,106
THY,2.07.2022,YEI,YEI-ERZ-IST-AYT,AYT,15:00,22:40,A,460,1196,6,16.02.2022,3,136
THY,2.07.2022,YEI,YEI-ERZ-IST-GZT,GZT,15:00,00:30,S,570,1196,6,16.02.2022,3,136
THY,2.07.2022,YEI,YEI-ERZ-IST-DLM,DLM,15:00,23:05,A,485,1196,6,16.02.2022,3,136
THY,2.07.2022,YEI,YEI-ERZ-IST,IST,15:00,20:30,A,330,1156,7,16.02.2022,2,136
THY,2.07.2022,YEI,YEI-ERZ-IST-KYA,KYA,15:00,23:15,A,495,1196,6,16.02.2022,3,136
THY,2.07.2022,YEI,YEI-ERZ-IST-ADB,ADB,15:00,23:05,A,485,1196,6,16.02.2022,3,136
THY,2.07.2022,YEI,YEI-TZX,TZX,19:40,21:10,A,90,606,99,16.02.2022,1,136
THY,2.07.2022,YEI,YEI-ERZ-IST-NAV,NAV,15:00,07:55,S,1015,1196,6,16.02.2022,3,136
THY,2.08.2022,YEI,YEI-MSR-ESB-AYT,AYT,11:45,21:20,A,575,1099,66,16.02.2022,3,167
THY,2.08.2022,YEI,YEI-MSR-ESB-GZT,GZT,11:45,21:15,A,570,1099,66,16.02.2022,3,167
THY,2.08.2022,YEI,YEI-MSR-ESB-DLM,DLM,11:45,21:15,A,570,1099,66,16.02.2022,3,167
THY,2.08.2022,YEI,YEI-MSR-IST,IST,11:45,19:25,A,460,1152,65,16.02.2022,2,167
THY,2.08.2022,YEI,YEI-MSR-IST-KYA,KYA,11:45,23:15,A,690,1192,64,16.02.2022,3,167
THY,2.08.2022,YEI,YEI-MSR-ESB-ADB,ADB,11:45,17:30,A,345,1099,66,16.02.2022,3,167
THY,2.08.2022,YEI,YEI-MSR-ESB-TZX,TZX,11:45,20:30,A,525,1099,66,16.02.2022,3,167
THY,2.08.2022,YEI,YEI-MSR-IST-NAV,NAV,11:45,07:55,S,1210,1192,64,16.02.2022,3,167
THY,15.06.2022,KCM,KCM-IST-AYT,AYT,11:10,15:25,A,255,939,81,16.02.2022,2,119
THY,15.06.2022,KCM,KCM-IST-GZT,GZT,11:10,17:15,A,365,976,98,16.02.2022,2,119
THY,15.06.2022,KCM,KCM-IST-DLM,DLM,11:10,15:10,A,240,1159,81,16.02.2022,2,119
THY,15.06.2022,KCM,KCM-IST,IST,11:10,12:50,A,100,509,99,16.02.2022,1,119
THY,15.06.2022,KCM,KCM-IST-KYA,KYA,11:10,19:50,A,520,1159,81,16.02.2022,2,119
THY,15.06.2022,KCM,KCM-IST-ADB,ADB,11:10,15:05,A,235,939,81,16.02.2022,2,119
THY,15.06.2022,KCM,KCM-IST-TZX,TZX,11:10,15:30,A,260,1159,81,16.02.2022,2,119
THY,15.06.2022,KCM,KCM-IST-NAV,NAV,11:10,20:00,A,530,1159,81,16.02.2022,2,119
THY,15.07.2022,KCM,KCM-IST-AYT,AYT,11:10,15:25,A,255,1159,81,16.02.2022,2,149
THY,15.07.2022,KCM,KCM-IST-GZT,GZT,11:10,17:15,A,365,1106,98,16.02.2022,2,149
THY,15.07.2022,KCM,KCM-IST-DLM,DLM,11:10,15:10,A,240,1159,81,16.02.2022,2,149
THY,15.07.2022,KCM,KCM-IST,IST,11:10,12:50,A,100,606,99,16.02.2022,1,149
THY,15.07.2022,KCM,KCM-IST-SAW-KYA,KYA,11:10,19:35,A,505,1182,82,16.02.2022,2.5,149
THY,15.07.2022,KCM,KCM-IST-ADB,ADB,11:10,15:05,A,235,1159,81,16.02.2022,2,149
THY,15.07.2022,KCM,KCM-IST-TZX,TZX,11:10,15:30,A,260,1159,81,16.02.2022,2,149
THY,15.07.2022,KCM,KCM-IST-NAV,NAV,11:10,20:00,A,530,1159,81,16.02.2022,2,149
THY,15.08.2022,KCM,KCM-IST-AYT,AYT,11:10,15:25,A,255,1159,81,16.02.2022,2,180
THY,15.08.2022,KCM,KCM-IST-GZT,GZT,11:10,17:15,A,365,1073,98,16.02.2022,2,180
THY,15.08.2022,KCM,KCM-IST-DLM,DLM,11:10,15:10,A,240,1159,81,16.02.2022,2,180
THY,15.08.2022,KCM,KCM-IST,IST,11:10,12:50,A,100,606,99,16.02.2022,1,180
THY,15.08.2022,KCM,KCM-IST-KYA,KYA,11:10,19:50,A,520,1159,81,16.02.2022,2,180
THY,15.08.2022,KCM,KCM-IST-ADB,ADB,11:10,15:05,A,235,1159,81,16.02.2022,2,180
THY,15.08.2022,KCM,KCM-IST-TZX,TZX,11:10,15:30,A,260,1159,81,16.02.2022,2,180
THY,15.08.2022,KCM,KCM-IST-NAV,NAV,11:10,20:00,A,530,1159,81,16.02.2022,2,180
THY,8.06.2022,DIY,DIY-IST-AYT,AYT,08:25,12:35,A,250,1163,23,16.02.2022,2,112
THY,8.06.2022,DIY,DIY-IST-GZT,GZT,08:25,14:00,A,335,1163,23,16.02.2022,2,112
THY,8.06.2022,DIY,DIY-IST-DLM,DLM,08:25,13:10,A,285,1163,23,16.02.2022,2,112
THY,8.06.2022,DIY,DIY-IST,IST,08:25,10:25,A,120,606,99,16.02.2022,1,112
THY,8.06.2022,DIY,DIY-IST-KYA,KYA,11:30,19:50,A,500,1163,23,16.02.2022,2,112
THY,8.06.2022,DIY,DIY-IST-TZX,TZX,08:25,13:55,A,330,1163,23,16.02.2022,2,112
THY,8.06.2022,DIY,DIY-IST-ADB,ADB,08:25,14:05,A,340,1163,23,16.02.2022,2,112
THY,8.06.2022,DIY,DIY-IST-NAV,NAV,08:25,14:30,A,365,1163,23,16.02.2022,2,112
THY,8.07.2022,DIY,DIY-IST-AYT,AYT,08:25,12:35,A,250,1163,23,16.02.2022,2,142
THY,8.07.2022,DIY,DIY-IST,IST,08:25,10:25,A,120,606,99,16.02.2022,1,142
THY,8.07.2022,DIY,DIY-IST-GZT,GZT,08:25,14:00,A,335,1163,23,16.02.2022,2,142
THY,8.07.2022,DIY,DIY-IST-DLM,DLM,08:25,13:10,A,285,1163,23,16.02.2022,2,142
THY,8.07.2022,DIY,DIY-SAW-KYA,KYA,09:35,19:35,A,600,1070,25,16.02.2022,2,142
THY,8.07.2022,DIY,DIY-IST-ADB,ADB,08:25,14:05,A,340,1163,23,16.02.2022,2,142
THY,8.07.2022,DIY,DIY-IST-TZX,TZX,08:25,13:55,A,330,1163,23,16.02.2022,2,142
THY,8.07.2022,DIY,DIY-IST-NAV,NAV,08:25,14:30,A,365,1163,23,16.02.2022,2,142
THY,8.08.2022,DIY,DIY-IST-AYT,AYT,08:25,12:35,A,250,1163,23,16.02.2022,2,173
THY,8.08.2022,DIY,DIY-IST-GZT,GZT,08:25,14:00,A,335,1163,23,16.02.2022,2,173
THY,8.08.2022,DIY,DIY-IST-DLM,DLM,08:25,13:10,A,285,1163,23,16.02.2022,2,173
THY,8.08.2022,DIY,DIY-IST,IST,08:25,10:25,A,120,606,99,16.02.2022,1,173
THY,8.08.2022,DIY,DIY-IST-KYA,KYA,11:30,19:50,A,500,1163,23,16.02.2022,2,173
THY,8.08.2022,DIY,DIY-IST-ADB,ADB,08:25,14:05,A,340,1163,23,16.02.2022,2,173
THY,8.08.2022,DIY,DIY-IST-TZX,TZX,08:25,13:55,A,330,1163,23,16.02.2022,2,173
THY,8.08.2022,DIY,DIY-IST-NAV,NAV,08:25,14:30,A,365,1163,23,16.02.2022,2,173
THY,26.06.2022,ERZ,ERZ-IST-AYT,AYT,08:55,13:40,A,285,1003,23,16.02.2022,2,130
THY,26.06.2022,ERZ,ERZ-IST-GZT,GZT,08:55,14:00,A,305,1003,23,16.02.2022,2,130
THY,26.06.2022,ERZ,ERZ-IST-DLM,DLM,08:55,13:10,A,255,1163,23,16.02.2022,2,130
THY,26.06.2022,ERZ,ERZ-IST,IST,08:55,11:00,A,125,540,49,16.02.2022,1,130
THY,26.06.2022,ERZ,ERZ-IST-KYA,KYA,18:30,23:15,A,285,1163,23,16.02.2022,2,130
THY,26.06.2022,ERZ,ERZ-IST-ADB,ADB,08:55,14:05,A,310,1003,23,16.02.2022,2,130
THY,26.06.2022,ERZ,ERZ-IST-TZX,TZX,08:55,13:55,A,300,1163,23,16.02.2022,2,130
THY,26.06.2022,ERZ,ERZ-IST-NAV,NAV,08:55,14:30,A,335,1163,23,16.02.2022,2,130
THY,26.07.2022,ERZ,ERZ-IST-AYT,AYT,08:55,13:40,A,285,1163,23,16.02.2022,2,160
THY,26.07.2022,ERZ,ERZ-IST-GZT,GZT,08:55,14:00,A,305,1163,23,16.02.2022,2,160
THY,26.07.2022,ERZ,ERZ-IST-DLM,DLM,08:55,13:10,A,255,1163,23,16.02.2022,2,160
THY,26.07.2022,ERZ,ERZ-IST,IST,08:55,11:00,A,125,606,99,16.02.2022,1,160
THY,26.07.2022,ERZ,ERZ-IST-KYA,KYA,08:55,19:50,A,655,1163,23,16.02.2022,2,160
THY,26.07.2022,ERZ,ERZ-IST-ADB,ADB,08:55,14:05,A,310,1163,23,16.02.2022,2,160
THY,26.07.2022,ERZ,ERZ-IST-TZX,TZX,08:55,13:55,A,300,1163,23,16.02.2022,2,160
THY,26.07.2022,ERZ,ERZ-IST-NAV,NAV,08:55,14:30,A,335,1163,23,16.02.2022,2,160
THY,26.08.2022,ERZ,ERZ-IST-AYT,AYT,08:55,13:40,A,285,1163,23,16.02.2022,2,191
THY,26.08.2022,ERZ,ERZ-IST-GZT,GZT,08:55,14:00,A,305,1163,23,16.02.2022,2,191
THY,26.08.2022,ERZ,ERZ-IST-DLM,DLM,08:55,13:10,A,255,1163,23,16.02.2022,2,191
THY,26.08.2022,ERZ,ERZ-IST,IST,08:55,11:00,A,125,606,99,16.02.2022,1,191
THY,26.08.2022,ERZ,ERZ-IST-KYA,KYA,14:50,19:50,A,300,1163,23,16.02.2022,2,191
THY,26.08.2022,ERZ,ERZ-IST-ADB,ADB,08:55,14:05,A,310,1163,23,16.02.2022,2,191
THY,26.08.2022,ERZ,ERZ-IST-TZX,TZX,08:55,13:55,A,300,1163,23,16.02.2022,2,191
THY,26.08.2022,ERZ,ERZ-IST-NAV,NAV,08:55,14:30,A,335,1163,23,16.02.2022,2,191
THY,11.06.2022,ASR,ASR-IST-AYT,AYT,04:05,09:50,A,345,883,23,16.02.2022,2,115
THY,11.06.2022,ASR,ASR-IST-GZT,GZT,04:05,08:15,A,250,1083,23,16.02.2022,2,115
THY,11.06.2022,ASR,ASR-IST-DLM,DLM,04:05,08:00,A,235,1163,23,16.02.2022,2,115
THY,11.06.2022,ASR,ASR-IST,IST,04:05,05:40,A,95,471,49,16.02.2022,1,115
THY,11.06.2022,ASR,ASR-IST-KYA,KYA,04:05,07:40,A,215,883,23,16.02.2022,2,115
THY,11.06.2022,ASR,ASR-IST-ADB,ADB,04:05,08:05,A,240,883,23,16.02.2022,2,115
THY,11.06.2022,ASR,ASR-IST-TZX,TZX,04:05,08:40,A,275,1083,23,16.02.2022,2,115
THY,11.06.2022,ASR,ASR-IST-NAV,NAV,04:05,07:55,A,230,969,48,16.02.2022,2,115
THY,11.07.2022,ASR,ASR-IST-AYT,AYT,04:05,09:50,A,345,1163,23,16.02.2022,2,145
THY,11.07.2022,ASR,ASR-IST-GZT,GZT,04:05,08:15,A,250,1163,23,16.02.2022,2,145
THY,11.07.2022,ASR,ASR-IST-DLM,DLM,04:05,08:00,A,235,1163,23,16.02.2022,2,145
THY,11.07.2022,ASR,ASR-IST,IST,04:05,05:40,A,95,606,99,16.02.2022,1,145
THY,11.07.2022,ASR,ASR-IST-KYA,KYA,04:05,07:40,A,215,1163,23,16.02.2022,2,145
THY,11.07.2022,ASR,ASR-IST-ADB,ADB,04:05,08:05,A,240,1163,23,16.02.2022,2,145
THY,11.07.2022,ASR,ASR-IST-TZX,TZX,04:05,08:40,A,275,1163,23,16.02.2022,2,145
THY,11.07.2022,ASR,ASR-IST-NAV,NAV,04:05,07:55,A,230,1203,98,16.02.2022,2,145
THY,11.08.2022,ASR,ASR-IST-AYT,AYT,04:05,09:50,A,345,1163,23,16.02.2022,2,176
THY,11.08.2022,ASR,ASR-IST-GZT,GZT,04:05,08:15,A,250,1163,23,16.02.2022,2,176
THY,11.08.2022,ASR,ASR-IST-DLM,DLM,04:05,08:00,A,235,1163,23,16.02.2022,2,176
THY,11.08.2022,ASR,ASR-IST,IST,04:05,05:40,A,95,606,99,16.02.2022,1,176
THY,11.08.2022,ASR,ASR-IST-KYA,KYA,04:05,07:40,A,215,1163,23,16.02.2022,2,176
THY,11.08.2022,ASR,ASR-IST-ADB,ADB,04:05,08:05,A,240,1163,23,16.02.2022,2,176
THY,11.08.2022,ASR,ASR-IST-TZX,TZX,04:05,08:40,A,275,1163,23,16.02.2022,2,176
THY,11.08.2022,ASR,ASR-IST-NAV,NAV,04:05,07:55,A,230,1136,98,16.02.2022,2,176
THY,4.06.2022,GNY,GNY-IST-AYT,AYT,09:15,13:40,A,265,879,81,16.02.2022,2,108
THY,4.06.2022,GNY,GNY-IST-GZT,GZT,09:15,14:00,A,285,998,98,16.02.2022,2,108
THY,4.06.2022,GNY,GNY-IST-DLM,DLM,09:15,13:10,A,235,1159,81,16.02.2022,2,108
THY,4.06.2022,GNY,GNY-IST,IST,09:15,11:10,A,115,440,99,16.02.2022,1,108
THY,4.06.2022,GNY,GNY-IST-KYA,KYA,16:15,23:15,A,420,1159,81,16.02.2022,2,108
THY,4.06.2022,GNY,GNY-IST-ADB,ADB,09:15,14:05,A,290,799,81,16.02.2022,2,108
THY,4.06.2022,GNY,GNY-IST-TZX,TZX,09:15,13:55,A,280,999,81,16.02.2022,2,108
THY,4.06.2022,GNY,GNY-IST-NAV,NAV,09:15,14:30,A,315,999,81,16.02.2022,2,108
THY,4.07.2022,GNY,GNY-IST-AYT,AYT,09:15,13:40,A,265,879,81,16.02.2022,2,138
THY,4.07.2022,GNY,GNY-IST-GZT,GZT,09:15,14:00,A,285,937,98,16.02.2022,2,138
THY,4.07.2022,GNY,GNY-IST,IST,09:15,11:10,A,115,470,99,16.02.2022,1,138
THY,4.07.2022,GNY,GNY-IST-DLM,DLM,09:15,13:10,A,235,1159,81,16.02.2022,2,138
THY,4.07.2022,GNY,GNY-IST-KYA,KYA,16:15,23:15,A,420,1159,81,16.02.2022,2,138
THY,4.07.2022,GNY,GNY-IST-ADB,ADB,09:15,14:05,A,290,879,81,16.02.2022,2,138
THY,4.07.2022,GNY,GNY-IST-TZX,TZX,09:15,13:55,A,280,1159,81,16.02.2022,2,138
THY,4.07.2022,GNY,GNY-IST-NAV,NAV,09:15,14:30,A,315,1159,81,16.02.2022,2,138
THY,4.08.2022,GNY,GNY-IST-AYT,AYT,09:15,13:40,A,265,879,81,16.02.2022,2,169
THY,4.08.2022,GNY,GNY-IST-GZT,GZT,09:15,14:00,A,285,907,98,16.02.2022,2,169
THY,4.08.2022,GNY,GNY-IST-DLM,DLM,09:15,13:10,A,235,1159,81,16.02.2022,2,169
THY,4.08.2022,GNY,GNY-IST,IST,09:15,11:10,A,115,440,99,16.02.2022,1,169
THY,4.08.2022,GNY,GNY-IST-KYA,KYA,16:15,23:15,A,420,1159,81,16.02.2022,2,169
THY,4.08.2022,GNY,GNY-IST-ADB,ADB,09:15,14:05,A,290,799,81,16.02.2022,2,169
THY,4.08.2022,GNY,GNY-IST-TZX,TZX,09:15,13:55,A,280,1079,81,16.02.2022,2,169
THY,4.08.2022,GNY,GNY-IST-NAV,NAV,09:15,14:30,A,315,1159,81,16.02.2022,2,169
THY,13.06.2022,SZF,SZF-IST-AYT,AYT,04:15,09:50,A,335,883,23,16.02.2022,2,117
THY,13.06.2022,SZF,SZF-IST-GZT,GZT,04:15,08:15,A,240,883,23,16.02.2022,2,117
THY,13.06.2022,SZF,SZF-IST-DLM,DLM,04:15,08:00,A,225,803,23,16.02.2022,2,117
THY,13.06.2022,SZF,SZF-IST,IST,04:15,05:45,A,90,411,49,16.02.2022,1,117
THY,13.06.2022,SZF,SZF-IST-KYA,KYA,04:15,07:40,A,205,763,23,16.02.2022,2,117
THY,13.06.2022,SZF,SZF-IST-ADB,ADB,04:15,08:05,A,230,763,23,16.02.2022,2,117
THY,13.06.2022,SZF,SZF-IST-TZX,TZX,04:15,08:40,A,265,1163,23,16.02.2022,2,117
THY,13.06.2022,SZF,SZF-IST-NAV,NAV,04:15,07:55,A,220,943,23,16.02.2022,2,117
THY,13.07.2022,SZF,SZF-IST-AYT,AYT,04:15,09:50,A,335,1163,23,16.02.2022,2,147
THY,13.07.2022,SZF,SZF-IST-GZT,GZT,04:15,08:15,A,240,1163,23,16.02.2022,2,147
THY,13.07.2022,SZF,SZF-IST-DLM,DLM,04:15,08:00,A,225,1163,23,16.02.2022,2,147
THY,13.07.2022,SZF,SZF-IST,IST,04:15,05:45,A,90,606,99,16.02.2022,1,147
THY,13.07.2022,SZF,SZF-IST-KYA,KYA,04:15,07:40,A,205,1163,23,16.02.2022,2,147
THY,13.07.2022,SZF,SZF-IST-ADB,ADB,04:15,08:05,A,230,1163,23,16.02.2022,2,147
THY,13.07.2022,SZF,SZF-IST-TZX,TZX,04:15,08:40,A,265,1163,23,16.02.2022,2,147
THY,13.07.2022,SZF,SZF-IST-NAV,NAV,04:15,07:55,A,220,1163,23,16.02.2022,2,147
THY,13.08.2022,SZF,SZF-IST-AYT,AYT,04:15,09:50,A,335,883,23,16.02.2022,2,178
THY,13.08.2022,SZF,SZF-IST-GZT,GZT,04:15,08:15,A,240,1083,23,16.02.2022,2,178
THY,13.08.2022,SZF,SZF-IST-DLM,DLM,04:15,08:00,A,225,1163,23,16.02.2022,2,178
THY,13.08.2022,SZF,SZF-IST,IST,04:15,05:45,A,90,441,49,16.02.2022,1,178
THY,13.08.2022,SZF,SZF-IST-KYA,KYA,04:15,07:40,A,205,883,23,16.02.2022,2,178
THY,13.08.2022,SZF,SZF-IST-ADB,ADB,04:15,08:05,A,230,803,23,16.02.2022,2,178
THY,13.08.2022,SZF,SZF-IST-TZX,TZX,04:15,08:40,A,265,1083,23,16.02.2022,2,178
THY,13.08.2022,SZF,SZF-IST-NAV,NAV,04:15,07:55,A,220,1003,23,16.02.2022,2,178
THY,25.06.2022,OGU,OGU-IST-AYT,AYT,03:50,09:50,A,360,1159,81,16.02.2022,2,129
THY,25.06.2022,OGU,OGU-IST-GZT,GZT,03:50,08:15,A,265,1159,81,16.02.2022,2,129
THY,25.06.2022,OGU,OGU-IST-DLM,DLM,03:50,08:00,A,250,1159,81,16.02.2022,2,129
THY,25.06.2022,OGU,OGU-IST,IST,03:50,05:35,A,105,606,99,16.02.2022,1,129
THY,25.06.2022,OGU,OGU-IST-KYA,KYA,03:50,07:40,A,230,1159,81,16.02.2022,2,129
THY,25.06.2022,OGU,OGU-IST-ADB,ADB,03:50,08:05,A,255,1159,81,16.02.2022,2,129
THY,25.06.2022,OGU,OGU-IST-TZX,TZX,03:50,08:40,A,290,1203,98,16.02.2022,2,129
THY,25.06.2022,OGU,OGU-IST-NAV,NAV,03:50,07:55,A,245,1159,81,16.02.2022,2,129
THY,25.07.2022,OGU,OGU-IST-AYT,AYT,03:50,09:50,A,360,1159,81,16.02.2022,2,159
THY,25.07.2022,OGU,OGU-IST-GZT,GZT,03:50,08:15,A,265,1159,81,16.02.2022,2,159
THY,25.07.2022,OGU,OGU-IST-DLM,DLM,03:50,08:00,A,250,1159,81,16.02.2022,2,159
THY,25.07.2022,OGU,OGU-IST,IST,03:50,05:35,A,105,606,99,16.02.2022,1,159
THY,25.07.2022,OGU,OGU-IST-KYA,KYA,03:50,07:40,A,230,1159,81,16.02.2022,2,159
THY,25.07.2022,OGU,OGU-IST-ADB,ADB,03:50,08:05,A,255,1159,81,16.02.2022,2,159
THY,25.07.2022,OGU,OGU-IST-TZX,TZX,03:50,08:40,A,290,1166,98,16.02.2022,2,159
THY,25.07.2022,OGU,OGU-IST-NAV,NAV,03:50,07:55,A,245,1159,81,16.02.2022,2,159
THY,25.08.2022,OGU,OGU-IST-AYT,AYT,03:50,09:50,A,360,1159,81,16.02.2022,2,190
THY,25.08.2022,OGU,OGU-IST-GZT,GZT,03:50,08:15,A,265,1159,81,16.02.2022,2,190
THY,25.08.2022,OGU,OGU-IST-DLM,DLM,03:50,08:00,A,250,1159,81,16.02.2022,2,190
THY,25.08.2022,OGU,OGU-IST,IST,03:50,05:35,A,105,606,99,16.02.2022,1,190
THY,25.08.2022,OGU,OGU-IST-KYA,KYA,03:50,07:40,A,230,1159,81,16.02.2022,2,190
THY,25.08.2022,OGU,OGU-ADB,ADB,12:25,14:20,A,115,606,99,16.02.2022,1,190
THY,25.08.2022,OGU,OGU-IST-TZX,TZX,03:50,08:40,A,290,1136,98,16.02.2022,2,190
THY,25.08.2022,OGU,OGU-IST-NAV,NAV,03:50,07:55,A,245,1159,81,16.02.2022,2,190
THY,5.06.2022,KSY,KSY-IST-AYT,AYT,11:15,16:55,A,340,1159,81,16.02.2022,2,109
THY,5.06.2022,KSY,KSY-IST-GZT,GZT,11:15,17:15,A,360,1159,81,16.02.2022,2,109
THY,5.06.2022,KSY,KSY-IST-DLM,DLM,11:15,17:30,A,375,1159,81,16.02.2022,2,109
THY,5.06.2022,KSY,KSY-IST,IST,11:15,13:30,A,135,606,99,16.02.2022,1,109
THY,5.06.2022,KSY,KSY-IST-KYA,KYA,11:15,19:50,A,515,1159,81,16.02.2022,2,109
THY,5.06.2022,KSY,KSY-IST-ADB,ADB,11:15,16:05,A,290,1159,81,16.02.2022,2,109
THY,5.06.2022,KSY,KSY-IST-TZX,TZX,11:15,17:35,A,380,1159,81,16.02.2022,2,109
THY,5.06.2022,KSY,KSY-IST-NAV,NAV,11:15,20:00,A,525,1159,81,16.02.2022,2,109
THY,5.07.2022,KSY,KSY-ESB-AYT,AYT,14:15,21:20,A,425,1066,83,16.02.2022,2,139
THY,5.07.2022,KSY,KSY-ESB-GZT,GZT,14:15,21:15,A,420,1066,83,16.02.2022,2,139
THY,5.07.2022,KSY,KSY-ESB-DLM,DLM,14:15,21:15,A,420,1066,83,16.02.2022,2,139
THY,5.07.2022,KSY,KSY-SAW,SAW,14:25,16:25,A,120,606,99,16.02.2022,1,139
THY,5.07.2022,KSY,KSY-SAW-KYA,KYA,14:25,20:15,A,350,1066,83,16.02.2022,2,139
THY,5.07.2022,AYT,AYT-IST-ADB,ADB,03:30,08:05,A,275,789,98,16.02.2022,2,139
THY,5.07.2022,KSY,KSY-ESB-TZX,TZX,14:15,20:30,A,375,1066,83,16.02.2022,2,139
THY,5.07.2022,KSY,KSY-SAW-IST-NAV,NAV,14:25,07:55,S,1050,1182,82,16.02.2022,2.5,139
THY,5.08.2022,KSY,KSY-ESB-AYT,AYT,14:10,22:55,A,525,1066,83,16.02.2022,2,170
THY,5.08.2022,KSY,KSY-ESB-GZT,GZT,14:10,01:05,S,655,1066,83,16.02.2022,2,170
THY,5.08.2022,KSY,KSY-ESB-DLM,DLM,14:10,22:05,A,475,1066,83,16.02.2022,2,170
THY,5.08.2022,KSY,KSY-IST,IST,15:15,17:30,A,135,606,99,16.02.2022,1,170
THY,5.08.2022,KSY,KSY-IST-KYA,KYA,15:15,19:50,A,275,1159,81,16.02.2022,2,170
THY,5.08.2022,KSY,KSY-ESB-ADB,ADB,14:10,21:15,A,425,1066,83,16.02.2022,2,170
THY,5.08.2022,KSY,KSY-ESB-TZX,TZX,14:10,21:15,A,425,1066,83,16.02.2022,2,170
THY,5.08.2022,KSY,KSY-IST-NAV,NAV,15:15,20:00,A,285,1159,81,16.02.2022,2,170
THY,14.06.2022,EDO,EDO-IST-AYT,AYT,10:40,14:30,A,230,999,81,16.02.2022,2,118
THY,14.06.2022,EDO,EDO-IST-GZT,GZT,10:40,17:15,A,395,879,81,16.02.2022,2,118
THY,14.06.2022,EDO,EDO-IST-DLM,DLM,10:40,15:10,A,270,1159,81,16.02.2022,2,118
THY,14.06.2022,EDO,EDO-IST,IST,10:40,11:45,A,65,325,99,16.02.2022,1,118
THY,14.06.2022,EDO,EDO-IST-KYA,KYA,10:40,19:50,A,550,1159,81,16.02.2022,2,118
THY,14.06.2022,EDO,EDO-IST-ADB,ADB,10:40,14:05,A,205,759,81,16.02.2022,2,118
THY,14.06.2022,EDO,EDO-IST-TZX,TZX,10:40,15:30,A,290,1159,81,16.02.2022,2,118
THY,14.06.2022,EDO,EDO-IST-NAV,NAV,10:40,14:30,A,230,1159,81,16.02.2022,2,118
THY,14.07.2022,EDO,EDO-IST-AYT,AYT,10:40,14:30,A,230,999,81,16.02.2022,2,148
THY,14.07.2022,EDO,EDO-IST-GZT,GZT,10:40,17:15,A,395,939,81,16.02.2022,2,148
THY,14.07.2022,EDO,EDO-IST-DLM,DLM,10:40,15:10,A,270,1159,81,16.02.2022,2,148
THY,14.07.2022,EDO,EDO-IST,IST,10:40,11:45,A,65,380,99,16.02.2022,1,148
THY,14.07.2022,EDO,EDO-IST-KYA,KYA,10:40,19:50,A,550,1159,81,16.02.2022,2,148
THY,14.07.2022,EDO,EDO-IST-ADB,ADB,10:40,14:05,A,205,1159,81,16.02.2022,2,148
THY,14.07.2022,EDO,EDO-IST-TZX,TZX,10:40,15:30,A,290,1159,81,16.02.2022,2,148
THY,14.07.2022,EDO,EDO-IST-NAV,NAV,10:40,14:30,A,230,1159,81,16.02.2022,2,148
THY,14.08.2022,EDO,EDO-IST-AYT,AYT,10:40,14:30,A,230,999,81,16.02.2022,2,179
THY,14.08.2022,EDO,EDO-IST-GZT,GZT,10:40,17:15,A,395,1079,81,16.02.2022,2,179
THY,14.08.2022,EDO,EDO-IST-DLM,DLM,10:40,15:10,A,270,1159,81,16.02.2022,2,179
THY,14.08.2022,EDO,EDO-IST,IST,10:40,11:45,A,65,350,99,16.02.2022,1,179
THY,14.08.2022,EDO,EDO-IST-KYA,KYA,10:40,19:50,A,550,1159,81,16.02.2022,2,179
THY,14.08.2022,EDO,EDO-IST-ADB,ADB,10:40,14:05,A,205,879,81,16.02.2022,2,179
THY,14.08.2022,EDO,EDO-IST-TZX,TZX,10:40,15:30,A,290,1079,81,16.02.2022,2,179
THY,14.08.2022,EDO,EDO-IST-NAV,NAV,10:40,14:30,A,230,1159,81,16.02.2022,2,179
THY,1.06.2022,NOP,NOP-IST-AYT,AYT,11:00,14:30,A,210,996,40,18.02.2022,2,103
THY,1.06.2022,NOP,NOP-IST-AYT,AYT,11:00,15:25,A,265,876,40,18.02.2022,2,103
THY,1.06.2022,NOP,NOP-IST-SAW-AYT,AYT,11:00,01:05,S,845,779,41,18.02.2022,2.5,103
THY,1.06.2022,NOP,NOP-IST-GZT,GZT,11:00,17:15,A,375,876,40,18.02.2022,2,103
THY,1.06.2022,NOP,NOP-IST-SAW-GZT,GZT,11:00,00:30,S,810,1179,41,18.02.2022,2.5,103
THY,1.06.2022,NOP,NOP-IST-DLM,DLM,11:00,15:10,A,250,796,40,18.02.2022,2,103
THY,1.06.2022,NOP,NOP-IST-DLM,DLM,11:00,02:30,S,930,756,40,18.02.2022,2,103
THY,1.06.2022,NOP,NOP-IST,IST,11:00,12:20,A,80,410,49,18.02.2022,1,103
THY,1.06.2022,NOP,NOP-IST-KYA,KYA,11:00,19:50,A,530,1156,40,18.02.2022,2,103
THY,1.06.2022,NOP,NOP-IST-ADB,ADB,11:00,15:05,A,245,756,40,18.02.2022,2,103
THY,1.06.2022,NOP,NOP-IST-SAW-ADB,ADB,11:00,00:45,S,825,779,41,18.02.2022,2.5,103
THY,1.06.2022,NOP,NOP-IST-TZX,TZX,11:00,03:25,S,985,996,40,18.02.2022,2,103
THY,1.06.2022,NOP,NOP-IST-NAV,NAV,11:00,20:00,A,540,936,40,18.02.2022,2,103
THY,1.07.2022,NOP,NOP-IST-AYT,AYT,11:00,14:30,A,210,996,40,18.02.2022,2,133
THY,1.07.2022,NOP,NOP-IST-AYT,AYT,11:00,21:25,A,625,756,40,18.02.2022,2,133
THY,1.07.2022,NOP,NOP-IST-AYT,AYT,11:00,02:30,S,930,756,40,18.02.2022,2,133
THY,1.07.2022,NOP,NOP-IST-GZT,GZT,11:00,17:15,A,375,876,40,18.02.2022,2,133
THY,1.07.2022,NOP,NOP-IST-GZT,GZT,11:00,02:20,S,920,1156,40,18.02.2022,2,133
THY,1.07.2022,NOP,NOP-IST-SAW-DLM,DLM,11:00,21:50,A,650,1099,41,18.02.2022,2.5,133
THY,1.07.2022,NOP,NOP-IST-DLM,DLM,11:00,02:30,S,930,796,40,18.02.2022,2,133
THY,1.07.2022,NOP,NOP-IST,IST,11:00,12:20,A,80,410,49,18.02.2022,1,133
THY,1.07.2022,NOP,NOP-IST-KYA,KYA,11:00,19:50,A,530,1156,40,18.02.2022,2,133
THY,1.07.2022,NOP,NOP-IST-ADB,ADB,11:00,02:35,S,935,796,40,18.02.2022,2,133
THY,1.07.2022,NOP,NOP-IST-SAW-TZX,TZX,11:00,20:40,A,580,1179,41,18.02.2022,2.5,133
THY,1.07.2022,NOP,NOP-IST-NAV,NAV,11:00,20:00,A,540,1156,40,18.02.2022,2,133
THY,1.08.2022,NOP,NOP-IST-AYT,AYT,11:00,14:30,A,210,996,40,18.02.2022,2,164
THY,1.08.2022,NOP,NOP-IST-GZT,GZT,11:00,00:30,S,810,876,40,18.02.2022,2,164
THY,1.08.2022,NOP,NOP-IST-SAW-DLM,DLM,11:00,18:40,A,460,899,41,18.02.2022,2.5,164
THY,1.08.2022,NOP,NOP-IST,IST,11:00,12:20,A,80,440,49,18.02.2022,1,164
THY,1.08.2022,NOP,NOP-IST-KYA,KYA,11:00,02:10,S,910,876,40,18.02.2022,2,164
THY,1.08.2022,NOP,NOP-IST-ADB,ADB,11:00,15:05,A,245,796,40,18.02.2022,2,164
THY,1.08.2022,NOP,NOP-IST-SAW-ADB,ADB,11:00,00:45,S,825,819,41,18.02.2022,2.5,164
THY,1.08.2022,NOP,NOP-IST-SAW-TZX,TZX,11:00,19:40,A,520,1179,41,18.02.2022,2.5,164
THY,1.08.2022,NOP,NOP-IST-NAV,NAV,11:00,14:30,A,210,1156,40,18.02.2022,2,164
THY,1.08.2022,NOP,NOP-IST-NAV,NAV,11:00,20:00,A,540,1156,40,18.02.2022,2,164
THY,4.06.2022,IGD,IGD-IST-AYT,AYT,09:25,14:30,A,305,1159,81,18.02.2022,2,106
THY,4.06.2022,IGD,IGD-IST-AYT,AYT,15:55,02:30,S,635,1159,81,18.02.2022,2,106
THY,4.06.2022,IGD,IGD-IST-GZT,GZT,09:25,17:15,A,470,1159,81,18.02.2022,2,106
THY,4.06.2022,IGD,IGD-IST-DLM,DLM,09:25,17:30,A,485,1159,81,18.02.2022,2,106
THY,4.06.2022,IGD,IGD-IST-DLM,DLM,15:55,10:05,S,1090,1159,81,18.02.2022,2,106
THY,4.06.2022,IGD,IGD-IST,IST,09:25,11:45,A,140,606,99,18.02.2022,1,106
THY,4.06.2022,IGD,IGD-IST-KYA,KYA,09:25,19:50,A,625,1159,81,18.02.2022,2,106
THY,4.06.2022,IGD,IGD-IST-ADB,ADB,09:25,14:05,A,280,1159,81,18.02.2022,2,106
THY,4.06.2022,IGD,IGD-IST-SAW-ADB,ADB,09:25,18:20,A,535,1182,82,18.02.2022,2.5,106
THY,4.06.2022,IGD,IGD-IST-ADB,ADB,15:55,02:35,S,640,1159,81,18.02.2022,2,106
THY,4.06.2022,IGD,IGD-IST-SAW-TZX,TZX,09:25,19:40,A,615,1182,82,18.02.2022,2.5,106
THY,4.06.2022,IGD,IGD-IST-NAV,NAV,09:25,14:30,A,305,1159,81,18.02.2022,2,106
THY,4.06.2022,IGD,IGD-IST-SAW-NAV,NAV,09:25,18:50,A,565,1182,82,18.02.2022,2.5,106
THY,4.07.2022,IGD,IGD-IST-AYT,AYT,15:55,21:25,A,330,1159,81,18.02.2022,2,136
THY,4.07.2022,IGD,IGD-IST-SAW-AYT,AYT,15:55,01:05,S,550,1182,82,18.02.2022,2.5,136
THY,4.07.2022,IGD,IGD-IST-GZT,GZT,15:55,02:20,S,625,1159,81,18.02.2022,2,136
THY,4.07.2022,IGD,IGD-IST-DLM,DLM,09:25,15:10,A,345,1159,81,18.02.2022,2,136
THY,4.07.2022,IGD,IGD-ESB-DLM,DLM,14:55,18:45,A,230,1066,83,18.02.2022,2,136
THY,4.07.2022,IGD,IGD-ESB-SAW,SAW,14:55,19:10,A,255,1066,83,18.02.2022,2,136
THY,4.07.2022,IGD,IGD-IST-KYA,KYA,09:25,19:50,A,625,1159,81,18.02.2022,2,136
THY,4.07.2022,IGD,IGD-IST-KYA,KYA,15:55,07:40,S,945,1159,81,18.02.2022,2,136
THY,4.07.2022,IGD,IGD-IST-ADB,ADB,09:25,14:05,A,280,1159,81,18.02.2022,2,136
THY,4.07.2022,IGD,IGD-ESB-TZX,TZX,14:55,21:10,A,375,1066,83,18.02.2022,2,136
THY,4.07.2022,IGD,IGD-IST-TZX,TZX,15:55,03:25,S,690,1159,81,18.02.2022,2,136
THY,4.07.2022,IGD,IGD-IST-NAV,NAV,09:25,14:30,A,305,1159,81,18.02.2022,2,136
THY,4.08.2022,IGD,IGD-IST-AYT,AYT,09:25,14:30,A,305,1159,81,18.02.2022,2,167
THY,4.08.2022,IGD,IGD-IST-AYT,AYT,15:55,00:20,S,505,1159,81,18.02.2022,2,167
THY,4.08.2022,IGD,IGD-IST-GZT,GZT,15:55,02:20,S,625,1159,8,18.02.2022,2,167
THY,4.08.2022,IGD,IGD-IST-DLM,DLM,15:55,02:30,S,635,1159,81,18.02.2022,2,167
THY,4.08.2022,IGD,IGD-ESB-IST,IST,14:10,00:05,S,595,1157,82,18.02.2022,2,167
THY,4.08.2022,IGD,IGD-IST-KYA,KYA,09:25,19:50,A,625,1159,81,18.02.2022,2,167
THY,4.08.2022,IGD,IGD-IST-KYA,KYA,15:55,07:40,S,945,1159,81,18.02.2022,2,167
THY,4.08.2022,IGD,IGD-IST-ADB,ADB,09:25,14:05,A,280,1159,81,18.02.2022,2,167
THY,4.08.2022,IGD,IGD-ESB-ADB,ADB,14:10,21:20,A,430,1066,83,18.02.2022,2,167
THY,4.08.2022,IGD,IGD-IST-TZX,TZX,09:25,15:30,A,365,1159,81,18.02.2022,2,167
THY,4.08.2022,IGD,IGD-IST-NAV,NAV,15:55,07:55,S,960,1159,81,18.02.2022,2,167
THY,10.06.2022,SXZ,SXZ-ESB-SAW-AYT,AYT,11:15,16:50,A,335,1101,42,18.02.2022,3,112
THY,10.06.2022,SXZ,SXZ-ESB-IST-AYT,AYT,11:15,21:25,A,610,1194,40,18.02.2022,3,112
THY,10.06.2022,SXZ,SXZ-ESB-GZT,GZT,11:15,01:05,S,830,1063,42,18.02.2022,2,112
THY,10.06.2022,SXZ,SXZ-ESB-DLM,DLM,11:15,22:05,A,650,1063,42,18.02.2022,2,112
THY,10.06.2022,SXZ,SXZ-ESB-IST,IST,11:15,16:00,A,285,1154,41,18.02.2022,2,112
THY,10.06.2022,SXZ,SXZ-ESB-IST,IST,11:15,19:00,A,465,1154,41,18.02.2022,2,112
THY,10.06.2022,SXZ,SXZ-ESB-SAW-KYA,KYA,11:15,19:35,A,500,1101,42,18.02.2022,3,112
THY,10.06.2022,SXZ,SXZ-ESB-IST-KYA,KYA,11:15,23:15,A,720,1194,40,18.02.2022,3,112
THY,10.06.2022,SXZ,SXZ-ESB-ADB,ADB,11:15,21:15,A,600,1063,42,18.02.2022,2,112
THY,10.06.2022,SXZ,SXZ-ESB-ADB,ADB,11:15,22:45,A,690,1063,42,18.02.2022,2,112
THY,10.06.2022,SXZ,SXZ-ESB-TZX,TZX,11:15,21:15,A,600,1063,42,18.02.2022,2,112
THY,10.06.2022,SXZ,SXZ-ESB-IST-NAV,NAV,11:15,20:00,A,525,1194,40,18.02.2022,3,112
THY,10.06.2022,SXZ,SXZ-ESB-IST-NAV,NAV,11:15,07:55,S,1240,1194,40,18.02.2022,3,112
THY,11.07.2022,SXZ,SXZ-ESB-AYT,AYT,11:15,21:20,A,605,1063,42,18.02.2022,2,143
THY,11.07.2022,SXZ,SXZ-IST-SAW-AYT,AYT,11:40,21:45,A,605,1179,41,18.02.2022,2.5,143
THY,11.07.2022,SXZ,SXZ-ESB-GZT,GZT,11:15,21:20,A,605,1063,42,18.02.2022,2,143
THY,11.07.2022,SXZ,SXZ-IST-SAW-GZT,GZT,11:40,23:35,A,715,1179,41,18.02.2022,2.5,143
THY,11.07.2022,SXZ,SXZ-ESB-DLM,DLM,11:15,21:20,A,605,1063,42,18.02.2022,2,143
THY,11.07.2022,SXZ,SXZ-IST-SAW-DLM,DLM,11:40,20:35,A,535,1179,41,18.02.2022,2.5,143
THY,11.07.2022,SXZ,SXZ-ESB-SAW,SAW,11:15,15:25,A,250,1063,42,18.02.2022,2,143
THY,11.07.2022,SXZ,SXZ-IST-SAW-KYA,KYA,11:40,19:55,A,495,1179,41,18.02.2022,2.5,143
THY,11.07.2022,SXZ,SXZ-IST-ADB,ADB,11:40,19:05,A,445,1156,40,18.02.2022,2,143
THY,11.07.2022,SXZ,SXZ-IST-TZX,TZX,11:40,17:35,A,355,1156,40,18.02.2022,2,143
THY,11.07.2022,SXZ,SXZ-ESB-IST-NAV,NAV,11:15,07:55,S,1240,1194,40,18.02.2022,3,143
THY,11.08.2022,SXZ,SXZ-IST-AYT,AYT,11:40,16:55,A,315,1156,40,18.02.2022,2,174
THY,11.08.2022,SXZ,SXZ-IST-GZT,GZT,11:40,19:10,A,450,1156,40,18.02.2022,2,174
THY,11.08.2022,SXZ,SXZ-IST-DLM,DLM,11:40,19:55,A,495,1156,40,18.02.2022,2,174
THY,11.08.2022,SXZ,SXZ-IST,IST,11:40,13:45,A,125,606,99,18.02.2022,1,174
THY,11.08.2022,SXZ,SXZ-IST-SAW-KYA,KYA,11:40,20:05,A,505,1179,41,18.02.2022,2.5,174
THY,11.08.2022,SXZ,SXZ-IST-ADB,ADB,11:40,17:05,A,325,1156,40,18.02.2022,2,174
THY,11.08.2022,SXZ,SXZ-IST-TZX,TZX,11:40,19:05,A,445,1156,40,18.02.2022,2,174
THY,11.08.2022,SXZ,SXZ-IST-NAV,NAV,11:40,20:00,A,500,1156,40,18.02.2022,2,174
THY,5.06.2022,MZH,MZH-IST-AYT,AYT,19:00,22:40,A,220,1156,40,18.02.2022,2,107
THY,5.06.2022,MZH,MZH-IST-GZT,GZT,19:00,22:40,A,220,1156,40,18.02.2022,2,107
THY,5.06.2022,MZH,MZH-IST-DLM,DLM,19:00,02:30,S,450,756,40,18.02.2022,2,107
THY,5.06.2022,MZH,MZH-IST,IST,19:00,20:20,A,80,410,49,18.02.2022,1,107
THY,5.06.2022,MZH,MZH-IST-KYA,KYA,19:00,23:15,A,255,1156,40,18.02.2022,2,107
THY,5.06.2022,MZH,MZH-IST-ADB,ADB,19:00,23:05,A,245,756,40,18.02.2022,2,107
THY,5.06.2022,MZH,MZH-IST-TZX,TZX,19:00,00:35,S,335,996,40,18.02.2022,2,107
THY,5.06.2022,MZH,MZH-IST-NAV,NAV,19:00,07:55,S,775,936,40,18.02.2022,2,107
THY,5.07.2022,MZH,MZH-IST-GZT,GZT,19:00,22:40,A,220,1156,40,18.02.2022,2,137
THY,5.07.2022,MZH,MZH-IST-DLM,DLM,19:00,23:05,A,245,1156,40,18.02.2022,2,137
THY,5.07.2022,MZH,MZH-IST,IST,19:00,20:20,A,80,470,49,18.02.2022,1,137
THY,5.07.2022,MZH,MZH-IST-KYA,KYA,19:00,23:15,A,255,1156,40,18.02.2022,2,137
THY,5.07.2022,MZH,MZH-IST-ADB,ADB,19:00,23:05,A,245,876,40,18.02.2022,2,137
THY,5.07.2022,MZH,MZH-IST-TZX,TZX,19:00,00:35,S,335,1156,40,18.02.2022,2,137
THY,5.07.2022,MZH,MZH-IST-NAV,NAV,19:00,07:55,S,775,1156,40,18.02.2022,2,137
THY,5.07.2022,MZH,MZH-IST-AYT,AYT,19:00,22:40,A,220,1156,40,18.02.2022,2,137
THY,5.08.2022,MZH,MZH-IST-AYT,AYT,11:05,14:30,A,205,996,40,18.02.2022,2,168
THY,5.08.2022,MZH,MZH-IST-GZT,GZT,11:05,17:15,A,370,876,40,18.02.2022,2,168
THY,5.08.2022,MZH,MZH-IST-DLM,DLM,11:05,15:10,A,245,1156,40,18.02.2022,2,168
THY,5.08.2022,MZH,MZH-IST,IST,11:05,12:25,A,80,470,49,18.02.2022,1,168
THY,5.08.2022,MZH,MZH-IST-SAW-KYA,KYA,11:05,19:35,A,510,1179,41,18.02.2022,2.5,168
THY,5.08.2022,MZH,MZH-IST-ADB,ADB,11:05,15:05,A,240,1156,40,18.02.2022,2,168
THY,5.08.2022,MZH,MZH-IST-TZX,TZX,11:05,15:30,A,265,1076,40,18.02.2022,2,168
THY,5.08.2022,MZH,MZH-IST-NAV,NAV,11:05,14:30,A,205,1156,40,18.02.2022,2,168
PGS,1.06.2022,ESB,ESB-AYT,AYT,06:00,07:10,A,70,431,99,17.02.2022,1,104
PGS,1.06.2022,ESB,ESB-SAW-AYT,AYT,09:10,12:55,A,225,751,98,17.02.2022,2,104
PGS,1.06.2022,ESB,ESB-SAW-GZT,GZT,13:15,21:35,A,500,861,98,17.02.2022,2,104
PGS,1.06.2022,ESB,ESB-SAW-DLM,DLM,05:40,09:10,A,210,761,98,17.02.2022,2,104
PGS,1.06.2022,ESB,ESB-SAW,SAW,07:05,08:10,A,65,391,99,17.02.2022,1,104
PGS,1.06.2022,ESB,ESB-SAW,SAW,12:05,13:10,A,65,391,99,17.02.2022,1,104
PGS,1.06.2022,ESB,ESB-SAW,SAW,21:55,23:00,A,65,391,99,17.02.2022,1,104
PGS,1.06.2022,ESB,ESB-ADB,ADB,07:40,08:55,A,75,421,99,17.02.2022,1,104
PGS,1.06.2022,ESB,ESB-ADB,ADB,11:40,12:55,A,75,421,99,17.02.2022,1,104
PGS,1.06.2022,ESB,ESB-ADB,ADB,21:45,23:00,A,75,421,99,17.02.2022,1,104
PGS,1.06.2022,ESB,ESB-SAW-TZX,TZX,05:40,09:35,A,235,921,98,17.02.2022,2,104
PGS,5.06.2022,ADA,ADA-AYT,AYT,06:00,07:05,A,65,329,99,17.02.2022,1,108
PGS,5.06.2022,ADA,ADA-AYT,AYT,21:15,22:20,A,65,329,99,17.02.2022,1,108
PGS,5.06.2022,ADA,ADA-SAW-DLM,DLM,05:40,11:15,A,335,849,98,17.02.2022,2,108
PGS,5.06.2022,ADA,ADA-SAW-DLM,DLM,12:35,20:00,A,445,769,98,17.02.2022,2,108
PGS,5.06.2022,ADA,ADA-SAW,SAW,05:40,07:10,A,90,429,99,17.02.2022,1,108
PGS,5.06.2022,ADA,ADA-SAW,SAW,08:15,09:45,A,90,429,99,17.02.2022,1,108
PGS,5.06.2022,ADA,ADA-SAW,SAW,20:45,22:15,A,90,449,99,17.02.2022,1,108
PGS,5.06.2022,ADA,ADA-SAW-ADB,ADB,05:40,09:20,A,220,789,98,17.02.2022,2,108
PGS,5.06.2022,ADA,ADA-ADB,ADB,08:00,09:30,A,90,359,99,17.02.2022,1,108
PGS,5.06.2022,ADA,ADA-SAW-ADB,ADB,17:00,22:40,A,340,809,98,17.02.2022,2,108
PGS,5.06.2022,ADA,ADA-SAW-TZX,TZX,05:40,11:10,A,330,949,98,17.02.2022,2,108
PGS,5.06.2022,ADA,ADA-TZX,TZX,13:00,14:20,A,80,489,99,17.02.2022,1,108
PGS,7.06.2022,GNY,GNY-SAW-AYT,AYT,19:50,01:30,S,340,829,98,17.02.2022,2,110
PGS,7.06.2022,GNY,GNY-SAW-DLM,DLM,19:50,01:25,S,335,819,98,17.02.2022,2,110
PGS,7.06.2022,GNY,GNY-SAW-ADB,ADB,19:50,00:55,S,305,839,98,17.02.2022,2,110
PGS,7.06.2022,GNY,GNY-SAW-TZX,TZX,19:50,01:15,S,325,999,98,17.02.2022,2,110
PGS,10.06.2022,GNY,GNY-SAW-KYA,KYA,21:25,01:45,S,260,839,98,17.02.2022,2,113
PGS,10.06.2022,KSY,KSY-SAW-AYT,AYT,21:55,07:05,S,550,949,98,17.02.2022,2,113
PGS,8.06.2022,KSY,KSY-SAW-DLM,DLM,12:20,20:00,A,460,939,98,17.02.2022,2,111
PGS,8.06.2022,KSY,KSY-SAW,SAW,12:20,14:30,A,130,599,99,17.02.2022,1,111
PGS,8.06.2022,KSY,KSY-SAW-KYA,KYA,12:20,20:10,A,470,959,98,17.02.2022,2,111
PGS,8.06.2022,KSY,KSY-SAW-ADB,ADB,12:20,19:25,A,425,959,98,17.02.2022,2,111
PGS,8.06.2022,KSY,KSY-SAW-TZX,TZX,12:20,20:15,A,475,1099,98,17.02.2022,2,111
PGS,11.06.2022,GZP,GZP-SAW,SAW,09:15,10:35,A,80,389,99,17.02.2022,1,114
PGS,11.06.2022,GZP,GZP-SAW-ADB,ADB,09:15,14:10,A,295,749,98,17.02.2022,2,114
PGS,11.06.2022,GZP,GZP-SAW-TZX,TZX,09:15,16:20,A,425,929,98,17.02.2022,2,114
PGS,13.06.2022,DIY,DIY-SAW-AYT,AYT,20:50,01:30,S,280,969,98,17.02.2022,2,116
PGS,13.06.2022,DIY,DIY-SAW-DLM,DLM,09:30,17:45,A,495,909,98,17.02.2022,2,116
PGS,13.06.2022,DIY,DIY-SAW,SAW,09:30,11:30,A,120,569,98,17.02.2022,1,116
PGS,13.06.2022,DIY,DIY-SAW,SAW,20:50,22:50,A,120,569,98,17.02.2022,1,116
PGS,12.06.2022,DIY,DIY-SAW-KYA,KYA,20:50,01:45,S,295,959,98,17.02.2022,2,115
PGS,12.06.2022,DIY,DIY-ADB,ADB,00:15,02:25,A,130,469,99,17.02.2022,1,115
PGS,13.06.2022,DIY,DIY-SAW-TZX,TZX,09:30,16:20,A,410,1089,98,17.02.2022,2,116
PGS,15.06.2022,HTY,HTY-SAW-AYT,AYT,09:00,16:35,A,455,819,98,17.02.2022,2,118
PGS,15.06.2022,HTY,HTY-SAW-DLM,DLM,09:00,17:45,A,525,809,98,17.02.2022,2,118
PGS,15.06.2022,HTY,HTY-SAW,SAW,09:00,10:40,A,100,469,99,17.02.2022,1,118
PGS,15.06.2022,HTY,HTY-SAW,SAW,21:00,22:40,A,100,529,99,17.02.2022,1,118
PGS,17.06.2022,HTY,HTY-SAW-KYA,KYA,21:00,01:45,S,285,859,98,17.02.2022,2,120
PGS,15.06.2022,HTY,HTY-SAW-ADB,ADB,09:00,16:10,A,430,829,98,17.02.2022,2,118
PGS,15.06.2022,HTY,HTY-SAW-TZX,TZX,09:00,16:20,A,440,989,98,17.02.2022,2,118
PGS,19.06.2022,ASR,ASR-SAW-AYT,AYT,06:00,11:15,A,315,989,98,17.02.2022,2,122
PGS,19.06.2022,ASR,ASR-SAW-DLM,DLM,06:00,11:15,A,315,819,98,17.02.2022,2,122
PGS,19.06.2022,ASR,ASR-SAW,SAW,06:00,07:25,A,85,419,99,17.02.2022,1,122
PGS,19.06.2022,ASR,ASR-SAW,SAW,07:45,09:10,A,85,419,99,17.02.2022,1,122
PGS,19.06.2022,ASR,ASR-SAW,SAW,09:25,10:50,A,85,419,99,17.02.2022,1,122
PGS,19.06.2022,ASR,ASR-SAW,SAW,22:50,00:15,S,85,599,99,17.02.2022,1,122
PGS,19.06.2022,ASR,ASR-SAW-ADB,ADB,06:00,10:40,A,280,779,98,17.02.2022,2,122
PGS,19.06.2022,ASR,ASR-SAW-TZX,TZX,06:00,11:10,A,310,939,98,17.02.2022,2,122
PGS,21.06.2022,SZF,SZF-SAW-AYT,AYT,05:40,11:15,A,335,859,98,17.02.2022,2,124
PGS,21.06.2022,SZF,SZF-SAW-GZT,GZT,22:40,07:25,S,525,889,98,17.02.2022,2,124
PGS,21.06.2022,SZF,SZF-SAW-DLM,DLM,05:40,11:15,A,335,819,98,17.02.2022,2,124
PGS,21.06.2022,SZF,SZF-SAW,SAW,05:40,07:05,A,85,429,99,17.02.2022,1,124
PGS,24.06.2022,SZF,SZF-SAW-KYA,KYA,17:55,22:10,A,255,789,98,17.02.2022,2,127
PGS,21.06.2022,SZF,SZF-SAW-ADB,ADB,05:40,09:20,A,220,789,98,17.02.2022,2,124
PGS,23.06.2022,EDO,EDO-SAW-AYT,AYT,08:10,12:55,A,285,649,98,17.02.2022,2,126
PGS,25.06.2022,EDO,EDO-SAW-GZT,GZT,22:50,07:25,S,515,739,98,17.02.2022,2,128
PGS,23.06.2022,EDO,EDO-SAW-DLM,DLM,22:05,01:25,S,200,639,98,17.02.2022,2,126
PGS,23.06.2022,EDO,EDO-SAW,SAW,08:10,09:05,A,55,279,99,17.02.2022,1,126
PGS,24.06.2022,EDO,EDO-SAW-KYA,KYA,22:40,01:45,S,185,639,98,17.02.2022,2,127
PGS,23.06.2022,EDO,EDO-SAW-TZX,TZX,08:10,16:20,A,490,799,98,17.02.2022,2,126
PGS,27.06.2022,VAN,VAN-SAW-AYT,AYT,10:15,18:35,A,500,949,98,17.02.2022,2,130
PGS,27.06.2022,VAN,VAN-SAW-DLM,DLM,10:15,17:45,A,450,939,98,17.02.2022,2,130
PGS,27.06.2022,VAN,VAN-SAW,SAW,10:15,12:30,A,135,599,99,17.02.2022,1,130
PGS,27.06.2022,VAN,VAN-SAW,SAW,20:15,22:30,A,135,599,99,17.02.2022,1,130
PGS,24.06.2022,VAN,VAN-SAW-KYA,KYA,20:15,01:45,S,330,959,98,17.02.2022,2,127
PGS,27.06.2022,VAN,VAN-SAW-ADB,ADB,10:15,16:10,A,355,959,98,17.02.2022,2,130
PGS,27.06.2022,VAN,VAN-SAW-TZX,TZX,10:15,16:20,A,365,1119,98,17.02.2022,2,130
PGS,29.06.2022,ERC,ERC-SAW-AYT,AYT,09:10,16:35,A,445,819,98,17.02.2022,2,132
PGS,29.06.2022,ERC,ERC-SAW-DLM,DLM,09:10,17:45,A,515,809,98,17.02.2022,2,132
PGS,29.06.2022,ERC,ERC-SAW,SAW,09:10,10:55,A,105,469,99,17.02.2022,1,132
PGS,29.06.2022,ERC,ERC-SAW-ADB,ADB,09:10,16:10,A,420,829,98,17.02.2022,2,132
PGS,2.07.2022,MSR,MSR-SAW-AYT,AYT,09:00,16:35,A,455,939,98,17.02.2022,2,135
PGS,2.07.2022,MSR,MSR-SAW-DLM,DLM,09:00,17:45,A,525,1069,98,17.02.2022,2,135
PGS,2.07.2022,MSR,MSR-SAW,SAW,09:00,11:05,A,125,569,99,17.02.2022,1,135
PGS,2.07.2022,MSR,MSR-SAW-ADB,ADB,09:00,14:10,A,310,949,98,17.02.2022,2,135
PGS,2.07.2022,MSR,MSR-SAW-TZX,TZX,09:00,16:20,A,440,1109,98,17.02.2022,2,135
PGS,4.07.2022,DNZ,DNZ-SAW-GZT,GZT,20:45,00:55,S,250,869,98,17.02.2022,2,137
PGS,4.07.2022,DNZ,DNZ-SAW,SAW,20:45,21:50,A,65,389,99,17.02.2022,1,137
PGS,6.07.2022,DNZ,DNZ-SAW-KYA,KYA,18:20,22:10,A,230,749,98,17.02.2022,2,139
PGS,4.07.2022,DNZ,DNZ-SAW-TZX,TZX,20:45,01:15,S,270,909,98,17.02.2022,2,137
PGS,8.07.2022,MQM,MQM-SAW-AYT,AYT,09:05,16:35,A,450,1139,98,17.02.2022,2,141
PGS,8.07.2022,MQM,MQM-SAW-DLM,DLM,09:05,17:45,A,520,1169,98,17.02.2022,2,141
PGS,8.07.2022,MQM,MQM-SAW,SAW,09:05,11:05,A,120,599,99,17.02.2022,1,141
PGS,8.07.2022,MQM,MQM-SAW-ADB,ADB,09:05,14:10,A,305,1149,98,17.02.2022,2,141
PGS,8.07.2022,MQM,MQM-SAW-TZX,TZX,09:05,16:20,A,435,1176,98,17.02.2022,2,141
PGS,10.07.2022,MLX,MLX-SAW-AYT,AYT,21:00,01:30,S,270,949,98,17.02.2022,2,143
PGS,10.07.2022,MLX,MLX-SAW-DLM,DLM,21:00,01:25,S,265,969,98,17.02.2022,2,143
PGS,10.07.2022,MLX,MLX-SAW,SAW,21:00,22:40,A,100,579,99,17.02.2022,1,143
PGS,21.08.2022,MLX,MLX-SAW-KYA,KYA,21:00,01:45,S,285,939,98,17.02.2022,2,185
PGS,10.07.2022,MLX,MLX-SAW-ADB,ADB,21:00,00:55,S,235,959,98,17.02.2022,2,143
PGS,9.07.2022,MLX,MLX-SAW-TZX,TZX,10:30,16:20,A,350,1119,98,17.02.2022,2,142
PGS,12.07.2022,OGU,OGU-SAW-AYT,AYT,08:45,16:35,A,470,969,98,17.02.2022,2,145
PGS,12.07.2022,OGU,OGU-SAW-DLM,DLM,21:35,01:25,S,230,989,98,17.02.2022,2,145
PGS,12.07.2022,OGU,OGU-SAW,SAW,08:45,10:20,A,95,569,99,17.02.2022,1,145
PGS,19.08.2022,OGU,OGU-SAW-KYA,KYA,21:35,01:45,S,250,929,98,17.02.2022,2,183
PGS,12.08.2022,OGU,OGU-SAW-ADB,ADB,08:45,12:35,A,230,949,98,17.02.2022,2,176
PGS,30.08.2022,VAS,VAS-SAW-ADB,ADB,22:40,07:05,S,505,829,98,17.02.2022,2,194
PGS,30.08.2022,VAS,VAS-SAW,SAW,22:40,00:05,S,85,449,99,17.02.2022,1,194
PGS,30.08.2022,VAS,VAS-SAW-GZT,GZT,22:40,07:25,S,525,949,98,17.02.2022,2,194
PGS,30.08.2022,VAS,VAS-SAW-AYT,AYT,22:40,07:05,S,505,819,98,17.02.2022,2,194
PGS,26.08.2022,AJI,AJI-SAW-TZX,TZX,10:20,16:20,A,360,1119,98,17.02.2022,2,190
PGS,26.08.2022,AJI,AJI-SAW,SAW,10:20,12:35,A,135,599,99,17.02.2022,1,190
PGS,26.08.2022,AJI,AJI-SAW-DLM,DLM,10:20,17:45,A,445,1129,98,17.02.2022,2,190
PGS,26.08.2022,AJI,AJI-SAW-AYT,AYT,10:20,18:35,A,495,1139,98,17.02.2022,2,190
PGS,26.08.2022,ERZ,ERZ-SAW-KYA,KYA,21:10,01:45,S,275,929,98,17.02.2022,2,190
PGS,27.08.2022,ERZ,ERZ-SAW-TZX,TZX,08:05,16:20,A,495,1089,98,17.02.2022,2,191
PGS,27.08.2022,ERZ,ERZ-SAW-ADB,ADB,08:05,12:35,A,270,949,98,17.02.2022,2,191
PGS,27.08.2022,ERZ,ERZ-SAW-AYT,AYT,08:05,12:55,A,290,1139,98,17.02.2022,2,191
PGS,27.08.2022,ERZ,ERZ-SAW-DLM,DLM,21:10,01:25,S,255,959,98,17.02.2022,2,191
PGS,27.08.2022,ERZ,ERZ-SAW,SAW,08:05,10:05,A,120,569,99,17.02.2022,1,191
PGS,24.08.2022,OGU,OGU-SAW-ADB,ADB,08:45,16:10,A,445,949,98,17.02.2022,2,188
PGS,24.08.2022,OGU,OGU-SAW,SAW,08:45,10:20,A,95,569,99,17.02.2022,1,188
PGS,24.08.2022,OGU,OGU-SAW-DLM,DLM,21:35,01:25,S,230,969,98,17.02.2022,2,188
PGS,24.08.2022,OGU,OGU-SAW-AYT,AYT,08:45,16:35,A,470,939,98,17.02.2022,2,188
PGS,21.08.2022,OGU,OGU-SAW-KYA,KYA,21:35,01:45,S,250,959,98,17.02.2022,2,185
PGS,21.08.2022,MLX,MLX-SAW-KYA,KYA,21:00,01:45,S,285,939,98,17.02.2022,2,185
PGS,22.08.2022,MLX,MLX-SAW-AYT,AYT,09:00,12:55,A,235,1049,98,17.02.2022,2,186
PGS,22.08.2022,MLX,MLX-SAW-TZX,TZX,09:00,16:20,A,440,1109,98,17.02.2022,2,186
PGS,22.08.2022,MLX,MLX-SAW-ADB,ADB,09:00,14:10,A,310,969,98,17.02.2022,2,186
PGS,22.08.2022,MLX,MLX-SAW,SAW,09:00,10:40,A,100,589,99,17.02.2022,1,186
PGS,22.08.2022,MLX,MLX-SAW-DLM,DLM,09:00,17:45,A,525,979,98,17.02.2022,2,186
PGS,20.08.2022,MQM,MQM-ADB,ADB,11:55,14:05,A,130,599,99,17.02.2022,1,184
PGS,19.08.2022,MQM,MQM-SAW-AYT,AYT,09:05,16:35,A,450,989,98,17.02.2022,2,183
PGS,19.08.2022,MQM,MQM-SAW-DLM,DLM,09:05,17:45,A,520,1049,98,17.02.2022,2,183
PGS,19.08.2022,MQM,MQM-SAW,SAW,09:05,11:05,A,120,559,99,17.02.2022,1,183
PGS,19.08.2022,MQM,MQM-SAW-TZX,TZX,09:05,16:20,A,435,1079,98,17.02.2022,2,183
PGS,17.08.2022,DNZ,DNZ-SAW-TZX,TZX,18:20,01:15,S,415,909,98,17.02.2022,2,181
PGS,17.08.2022,DNZ,DNZ-SAW-KYA,KYA,18:20,22:10,A,230,749,98,17.02.2022,2,181
PGS,17.08.2022,DNZ,DNZ-SAW,SAW,18:20,19:25,A,65,389,99,17.02.2022,1,181
PGS,17.08.2022,DNZ,DNZ-SAW-GZT,GZT,18:20,00:55,S,395,869,98,18.02.2022,2,180
PGS,15.08.2022,MSR,MSR-SAW-TZX,TZX,09:00,16:20,A,440,1089,98,17.02.2022,2,179
PGS,15.08.2022,MSR,MSR-SAW-ADB,ADB,09:00,14:10,A,310,949,98,17.02.2022,2,179
PGS,15.08.2022,MSR,MSR-SAW,SAW,09:00,11:05,A,125,569,99,17.02.2022,1,179
PGS,15.08.2022,MSR,MSR-SAW-DLM,DLM,09:00,17:45,A,525,959,98,17.02.2022,2,179
PGS,15.08.2022,MSR,MSR-SAW-AYT,AYT,09:00,16:35,A,455,939,98,17.02.2022,2,179
PGS,14.08.2022,ERC,ERC-SAW-ADB,ADB,10:05,16:10,A,365,949,98,17.02.2022,2,178
PGS,14.08.2022,ERC,ERC-SAW,SAW,10:05,11:50,A,105,509,99,17.02.2022,1,178
PGS,14.08.2022,ERC,ERC-SAW-DLM,DLM,10:05,17:45,A,460,899,98,17.02.2022,2,178
PGS,14.08.2022,ERC,ERC-SAW-AYT,AYT,10:05,16:35,A,390,939,98,17.02.2022,2,178
PGS,12.08.2022,VAN,VAN-SAW-TZX,TZX,20:15,01:15,S,300,1089,98,17.02.2022,2,176
PGS,12.08.2022,VAN,VAN-SAW-ADB,ADB,20:15,00:55,S,280,949,98,17.02.2022,2,176
PGS,12.08.2022,VAN,VAN-SAW,SAW,20:15,22:30,A,135,569,99,17.02.2022,1,176
PGS,12.08.2022,VAN,VAN-SAW-DLM,DLM,20:15,01:25,S,310,959,98,17.02.2022,2,176
PGS,12.08.2022,VAN,VAN-ADA-AYT,AYT,18:45,22:20,A,215,860,98,17.02.2022,2,176
PGS,8.08.2022,EDO,EDO-SAW-TZX,TZX,08:10,16:20,A,490,839,98,17.02.2022,2,172
PGS,8.08.2022,EDO,EDO-SAW,SAW,08:10,09:05,A,55,319,99,17.02.2022,1,172
PGS,8.08.2022,EDO,EDO-SAW-GZT,GZT,23:00,07:25,S,505,799,98,17.02.2022,2,172
PGS,8.08.2022,EDO,EDO-SAW-AYT,AYT,08:10,12:55,A,285,719,98,17.02.2022,2,172
PGS,7.08.2022,EDO,EDO-SAW-DLM,DLM,21:35,01:25,S,230,709,98,17.02.2022,2,171
PGS,7.08.2022,SZF,SZF-SAW-AYT,AYT,09:25,16:35,A,430,829,98,17.02.2022,2,171
PGS,7.08.2022,SZF,SZF-SAW-ADB,ADB,09:25,16:10,A,405,809,98,17.02.2022,2,171
PGS,7.08.2022,SZF,SZF-SAW,SAW,09:25,10:50,A,85,429,99,17.02.2022,1,171
PGS,7.08.2022,SZF,SZF-SAW-DLM,DLM,09:25,17:45,A,500,819,98,17.02.2022,2,171
PGS,7.08.2022,SZF,SZF-SAW-GZT,GZT,22:40,07:25,S,525,909,98,17.02.2022,2,171
PGS,5.08.2022,SZF,SZF-SAW-KYA,KYA,17:55,22:10,A,255,789,98,17.02.2022,2,169
PGS,5.08.2022,ASR,ASR-SAW-TZX,TZX,06:00,11:10,A,310,939,98,17.02.2022,2,169
PGS,5.08.2022,ASR,ASR-SAW-ADB,ADB,06:00,10:40,A,280,799,98,17.02.2022,2,169
PGS,5.08.2022,ASR,ASR-SAW,SAW,06:00,07:25,A,85,419,99,17.02.2022,1,169
PGS,5.08.2022,ASR,ASR-SAW-DLM,DLM,06:00,11:15,A,315,909,98,17.02.2022,2,169
PGS,5.08.2022,ASR,ASR-SAW-AYT,AYT,06:00,11:15,A,315,849,98,17.02.2022,2,169
PGS,2.08.2022,HTY,HTY-SAW-AYT,AYT,09:00,16:35,A,455,839,98,17.02.2022,2,166
PGS,2.08.2022,HTY,HTY-SAW-DLM,DLM,09:00,17:45,A,525,859,98,17.02.2022,2,166
PGS,2.08.2022,HTY,HTY-SAW,SAW,09:00,10:40,A,100,469,99,17.02.2022,1,166
PGS,2.08.2022,HTY,HTY-SAW-ADB,ADB,09:00,14:10,A,310,849,98,17.02.2022,2,166
PGS,2.08.2022,HTY,HTY-SAW-TZX,TZX,09:00,16:20,A,440,989,98,17.02.2022,2,166
PGS,1.08.2022,DIY,DIY-SAW-TZX,TZX,09:30,16:20,A,410,1089,98,17.02.2022,2,165
PGS,1.08.2022,DIY,DIY-SAW,SAW,09:30,11:30,A,120,569,99,17.02.2022,1,165
PGS,1.08.2022,DIY,DIY-SAW-DLM,DLM,09:30,17:45,A,495,959,98,17.02.2022,2,165
PGS,1.08.2022,DIY,DIY-SAW-AYT,AYT,20:50,01:30,S,280,1069,98,17.02.2022,2,165
PGS,31.07.2022,DIY,DIY-ADB,ADB,00:15,02:25,A,130,489,99,17.02.2022,1,164
PGS,30.07.2022,GZP,GZP-SAW-TZX,TZX,09:15,16:20,A,425,959,98,17.02.2022,2,163
PGS,30.07.2022,GZP,GZP-SAW-ADB,ADB,09:15,14:10,A,295,799,98,17.02.2022,2,163
PGS,30.07.2022,GZP,GZP-SAW,SAW,09:15,10:35,A,80,419,99,17.02.2022,1,163
PGS,30.07.2022,KSY,KSY-SAW-TZX,TZX,12:20,20:15,A,475,1079,98,17.02.2022,2,163
PGS,30.07.2022,KSY,KSY-SAW-ADB,ADB,12:20,20:10,A,470,939,98,17.02.2022,2,163
PGS,30.07.2022,KSY,KSY-SAW-KYA,KYA,12:20,20:10,A,470,919,98,17.02.2022,2,163
PGS,30.07.2022,KSY,KSY-SAW,SAW,12:20,14:30,A,130,559,99,17.02.2022,1,163
PGS,30.07.2022,KSY,KSY-SAW-DLM,DLM,12:20,20:00,A,460,949,98,17.02.2022,2,163
PGS,30.07.2022,KSY,KSY-SAW-AYT,AYT,12:20,20:15,A,475,929,98,17.02.2022,2,163
PGS,26.08.2022,GNY,GNY-SAW-TZX,TZX,19:50,01:15,S,325,1079,98,17.02.2022,2,190
PGS,26.08.2022,GNY,GNY-SAW-ADB,ADB,19:50,00:55,S,305,939,98,17.02.2022,2,190
PGS,26.08.2022,GNY,GNY-SAW,SAW,19:50,21:40,A,110,559,99,17.02.2022,1,190
PGS,26.08.2022,GNY,GNY-SAW-DLM,DLM,19:50,01:25,S,335,949,98,17.02.2022,2,190
PGS,26.08.2022,GNY,GNY-SAW-AYT,AYT,19:50,01:30,S,340,929,98,17.02.2022,2,190
PGS,24.07.2022,ADA,ADA-SAW-TZX,TZX,05:40,11:10,A,330,969,98,17.02.2022,2,157
PGS,24.07.2022,ADA,ADA-SAW-ADB,ADB,05:40,09:20,A,220,829,98,17.02.2022,2,157
PGS,24.07.2022,ADA,ADA-SAW,SAW,05:40,07:10,A,90,449,99,17.02.2022,1,157
PGS,24.07.2022,ADA,ADA-SAW-DLM,DLM,05:40,11:15,A,335,899,98,17.02.2022,2,157
PGS,24.07.2022,ADA,ADA-AYT,AYT,06:00,07:05,A,65,349,99,17.02.2022,1,157
PGS,20.07.2022,ESB,ESB-SAW-TZX,TZX,05:40,09:35,A,235,921,98,17.02.2022,2,153
PGS,20.07.2022,ESB,ESB-ADB,ADB,07:40,08:55,A,75,451,99,17.02.2022,1,153
PGS,20.07.2022,ESB,ESB-SAW,SAW,05:40,06:45,A,65,391,99,17.02.2022,1,153
PGS,20.07.2022,ESB,ESB-SAW-DLM,DLM,05:40,11:15,A,335,821,98,17.02.2022,2,153
PGS,20.07.2022,ESB,ESB-SAW-GZT,GZT,13:15,21:35,A,500,881,98,17.02.2022,2,153
PGS,20.07.2022,ESB,ESB-SAW-AYT,AYT,05:40,11:15,A,335,821,98,17.02.2022,2,153
PGS,19.07.2022,AJI,AJI-SAW,SAW,10:20,12:35,A,135,569,99,17.02.2022,1,152
PGS,19.07.2022,AJI,AJI-SAW-TZX,TZX,10:20,16:20,A,360,1089,98,17.02.2022,2,152
PGS,19.07.2022,VAS,VAS-SAW-AYT,AYT,22:40,07:05,S,505,869,98,17.02.2022,2,152
PGS,19.07.2022,VAS,VAS-SAW-GZT,GZT,22:40,07:25,S,525,979,98,17.02.2022,2,152
PGS,19.07.2022,VAS,VAS-SAW,SAW,22:40,00:05,S,85,499,99,17.02.2022,1,152
PGS,19.07.2022,VAS,VAS-SAW-ADB,ADB,22:40,07:05,S,505,909,98,17.02.2022,2,152
PGS,15.07.2022,AJI,AJI-SAW-AYT,AYT,10:20,18:35,A,495,1029,98,17.02.2022,2,148
PGS,15.07.2022,AJI,AJI-SAW-DLM,DLM,10:20,17:45,A,445,1089,98,17.02.2022,2,148
PGS,16.07.2022,ERZ,ERZ-SAW-TZX,TZX,08:05,16:20,A,495,1109,98,17.02.2022,2,149
PGS,16.07.2022,ERZ,ERZ-SAW-ADB,ADB,08:05,12:35,A,270,949,98,17.02.2022,2,149
PGS,14.07.2022,ERZ,ERZ-SAW,SAW,21:10,23:10,A,120,569,99,17.02.2022,1,147
PGS,14.07.2022,ERZ,ERZ-SAW-DLM,DLM,21:10,01:25,S,255,1059,98,17.02.2022,2,147
PGS,14.07.2022,ERZ,ERZ-SAW-AYT,AYT,21:10,01:30,S,260,999,98,17.02.2022,2,147
PGS,6.06.2022,IGD,IGD-SAW-AYT,AYT,14:00,20:15,A,375,919,98,18.02.2022,2,108
PGS,6.06.2022,IGD,IGD-SAW-AYT,AYT,14:00,21:20,A,440,919,98,18.02.2022,2,108
PGS,6.06.2022,IGD,IGD-SAW-GZT,GZT,14:00,21:35,A,455,1029,98,18.02.2022,2,108
PGS,6.06.2022,IGD,IGD-SAW-DLM,DLM,14:00,23:00,A,540,909,98,18.02.2022,2,108
PGS,6.06.2022,IGD,IGD-SAW-DLM,DLM,14:00,20:00,A,360,909,98,18.02.2022,2,108
PGS,6.06.2022,IGD,IGD-SAW,SAW,14:00,16:25,A,145,569,99,18.02.2022,1,108
PGS,6.06.2022,IGD,IGD-SAW-KYA,KYA,14:00,22:10,A,490,929,98,18.02.2022,2,108
PGS,6.06.2022,IGD,IGD-SAW-ADB,ADB,14:00,20:10,A,370,929,98,18.02.2022,2,108
PGS,6.06.2022,IGD,IGD-SAW-ADB,ADB,14:00,19:25,A,325,929,98,18.02.2022,2,108
PGS,6.06.2022,IGD,IGD-SAW-TZX,TZX,14:00,20:30,A,390,1089,98,18.02.2022,2,108
PGS,6.06.2022,IGD,IGD-SAW-TZX,TZX,14:00,21:55,A,475,1089,98,18.02.2022,2,108
PGS,4.07.2022,IGD,IGD-SAW-AYT,AYT,14:00,20:15,A,375,939,98,18.02.2022,2,136
PGS,4.07.2022,IGD,IGD-SAW-AYT,AYT,14:00,21:20,A,440,939,98,18.02.2022,2,136
PGS,4.07.2022,IGD,IGD-SAW-GZT,GZT,14:00,21:35,A,455,1049,98,18.02.2022,2,136
PGS,4.07.2022,IGD,IGD-SAW-DLM,DLM,14:00,20:00,A,360,959,98,18.02.2022,2,136
PGS,4.07.2022,IGD,IGD-SAW-DLM,DLM,14:00,21:40,A,460,959,98,18.02.2022,2,136
PGS,4.07.2022,IGD,IGD-SAW,SAW,14:00,16:25,A,145,569,99,18.02.2022,1,136
PGS,4.07.2022,IGD,IGD-SAW-KYA,KYA,14:00,20:10,A,370,939,98,18.02.2022,2,136
PGS,4.07.2022,IGD,IGD-SAW-KYA,KYA,14:00,22:10,A,490,929,98,18.02.2022,2,136
PGS,4.07.2022,IGD,IGD-SAW-ADB,ADB,14:00,20:10,A,370,949,98,18.02.2022,2,136
PGS,4.07.2022,IGD,IGD-SAW-ADB,ADB,14:00,19:25,A,325,949,98,18.02.2022,2,136
PGS,4.07.2022,IGD,IGD-SAW-TZX,TZX,14:00,20:30,A,390,1089,98,18.02.2022,2,136
PGS,4.07.2022,IGD,IGD-SAW-TZX,TZX,14:00,21:55,A,475,1089,98,18.02.2022,2,136
